RIC,Ex_Cntrb_ID,Bid_Price,Ask_Price,Mid_Price,Spread,DATE,TIME_MIN
GBP=,NEDBANK LTD  JHB,1.2519,1.2529,1.2524,1.00E-03,01/12/2016,00:15:22
GBP=,S E B        STO,1.2519,1.2529,1.2524,1.00E-03,01/12/2016,00:14:41
GBP=,S E B        STO,1.2519,1.2529,1.2524,1.00E-03,01/12/2016,00:15:21
GBP=,S E B        STO,1.2519,1.2529,1.2524,1.00E-03,01/12/2016,00:16:23
GBP=,S E B        STO,1.2518,1.2528,1.2523,1.00E-03,01/12/2016,00:15:01
GBP=,S E B        STO,1.2518,1.2528,1.2523,1.00E-03,01/12/2016,00:15:41
GBP=,S E B        STO,1.2518,1.2528,1.2523,1.00E-03,01/12/2016,00:16:01
GBP=,S E B        STO,1.2518,1.2528,1.2523,1.00E-03,01/12/2016,00:16:42
GBP=,S E B        STO,1.2516,1.2526,1.2521,1.00E-03,01/12/2016,00:09:59
GBP=,S E B        STO,1.2515,1.2525,1.252,1.00E-03,01/12/2016,00:09:19
GBP=,S E B        STO,1.2515,1.2525,1.252,1.00E-03,01/12/2016,00:09:39
GBP=,S E B        STO,1.2515,1.2525,1.252,1.00E-03,01/12/2016,00:10:19
GBP=,S E B        STO,1.2515,1.2525,1.252,1.00E-03,01/12/2016,00:13:20
GBP=,S E B        STO,1.2514,1.2524,1.2519,1.00E-03,01/12/2016,00:13:00
GBP=,S E B        STO,1.2514,1.2524,1.2519,1.00E-03,01/12/2016,00:13:41
GBP=,S E B        STO,1.2514,1.2524,1.2519,1.00E-03,01/12/2016,00:14:21
GBP=,S E B        STO,1.2513,1.2523,1.2518,1.00E-03,01/12/2016,00:12:40
GBP=,S E B        STO,1.2513,1.2523,1.2518,1.00E-03,01/12/2016,00:14:01
GBP=,S E B        STO,1.2512,1.2522,1.2517,1.00E-03,01/12/2016,00:11:41
GBP=,S E B        STO,1.2512,1.2522,1.2517,1.00E-03,01/12/2016,00:12:00
GBP=,S E B        STO,1.2512,1.2522,1.2517,1.00E-03,01/12/2016,00:12:20
GBP=,HSBC         LON,1.2511,1.2521,1.2516,1.00E-03,01/12/2016,00:11:21
GBP=,NEDBANK LTD  JHB,1.2511,1.2521,1.2516,1.00E-03,01/12/2016,00:11:23
GBP=,S E B        STO,1.2511,1.2521,1.2516,1.00E-03,01/12/2016,00:11:20
GBP=,S E B        STO,1.251,1.252,1.2515,0.001,01/12/2016,00:10:40
GBP=,S E B        STO,1.2509,1.2519,1.2514,0.001,01/12/2016,00:11:00
GBP=,HSBC         LON,1.2517,1.2526,1.25215,9.00E-04,01/12/2016,00:14:51
GBP=,HSBC         LON,1.2515,1.2524,1.25195,9.00E-04,01/12/2016,00:13:11
GBP=,NEDBANK LTD  JHB,1.2515,1.2524,1.25195,9.00E-04,01/12/2016,00:13:14
GBP=,HSBC         LON,1.2513,1.2522,1.25175,9.00E-04,01/12/2016,00:12:39
GBP=,HSBC         LON,1.2519,1.2527,1.2523,8.00E-04,01/12/2016,00:15:23
GBP=,HSBC         LON,1.2519,1.2527,1.2523,8.00E-04,01/12/2016,00:16:25
GBP=,NEDBANK LTD  JHB,1.2519,1.2527,1.2523,8.00E-04,01/12/2016,00:16:26
GBP=,HSBC         LON,1.2515,1.2523,1.2519,8.00E-04,01/12/2016,00:14:21
GBP=,HSBC         LON,1.2513,1.2521,1.2517,8.00E-04,01/12/2016,00:11:51
GBP=,HSBC         LON,1.2513,1.2521,1.2517,8.00E-04,01/12/2016,00:13:51
GBP=,HSBC         LON,1.2512,1.252,1.2516,8.00E-04,01/12/2016,00:10:51
GBP=,DANSKE BANK  COP,1.2521,1.2528,1.25245,7.00E-04,01/12/2016,00:15:54
GBP=,DANSKE BANK  COP,1.252,1.2527,1.25235,7.00E-04,01/12/2016,00:15:03
GBP=,DANSKE BANK  COP,1.252,1.2527,1.25235,7.00E-04,01/12/2016,00:15:06
GBP=,DANSKE BANK  COP,1.252,1.2527,1.25235,7.00E-04,01/12/2016,00:15:09
GBP=,DANSKE BANK  COP,1.252,1.2527,1.25235,7.00E-04,01/12/2016,00:15:12
GBP=,DANSKE BANK  COP,1.252,1.2527,1.25235,7.00E-04,01/12/2016,00:15:15
GBP=,DANSKE BANK  COP,1.252,1.2527,1.25235,7.00E-04,01/12/2016,00:15:18
GBP=,DANSKE BANK  COP,1.252,1.2527,1.25235,7.00E-04,01/12/2016,00:15:25
GBP=,DANSKE BANK  COP,1.252,1.2527,1.25235,7.00E-04,01/12/2016,00:15:43
GBP=,DANSKE BANK  COP,1.252,1.2527,1.25235,7.00E-04,01/12/2016,00:16:05
GBP=,DANSKE BANK  COP,1.252,1.2527,1.25235,7.00E-04,01/12/2016,00:16:08
GBP=,DANSKE BANK  COP,1.252,1.2527,1.25235,7.00E-04,01/12/2016,00:16:12
GBP=,DANSKE BANK  COP,1.252,1.2527,1.25235,7.00E-04,01/12/2016,00:16:16
GBP=,DANSKE BANK  COP,1.252,1.2527,1.25235,7.00E-04,01/12/2016,00:16:19
GBP=,DANSKE BANK  COP,1.252,1.2527,1.25235,7.00E-04,01/12/2016,00:16:22
GBP=,DANSKE BANK  COP,1.252,1.2527,1.25235,7.00E-04,01/12/2016,00:16:25
GBP=,DANSKE BANK  COP,1.252,1.2527,1.25235,7.00E-04,01/12/2016,00:16:28
GBP=,DANSKE BANK  COP,1.252,1.2527,1.25235,7.00E-04,01/12/2016,00:16:31
GBP=,DANSKE BANK  COP,1.252,1.2527,1.25235,7.00E-04,01/12/2016,00:16:34
GBP=,DANSKE BANK  COP,1.252,1.2527,1.25235,7.00E-04,01/12/2016,00:16:37
GBP=,DANSKE BANK  COP,1.252,1.2527,1.25235,7.00E-04,01/12/2016,00:16:40
GBP=,DANSKE BANK  COP,1.252,1.2527,1.25235,7.00E-04,01/12/2016,00:16:43
GBP=,HSBC         LON,1.252,1.2527,1.25235,7.00E-04,01/12/2016,00:15:53
GBP=,NEDBANK LTD  JHB,1.252,1.2527,1.25235,7.00E-04,01/12/2016,00:15:07
GBP=,NEDBANK LTD  JHB,1.252,1.2527,1.25235,7.00E-04,01/12/2016,00:15:55
GBP=,NEDBANK LTD  JHB,1.252,1.2527,1.25235,7.00E-04,01/12/2016,00:16:18
GBP=,NEDBANK LTD  JHB,1.252,1.2527,1.25235,7.00E-04,01/12/2016,00:16:42
GBP=,DANSKE BANK  COP,1.2519,1.2526,1.25225,7.00E-04,01/12/2016,00:14:54
GBP=,HSBC         LON,1.2519,1.2526,1.25225,7.00E-04,01/12/2016,00:16:55
GBP=,DANSKE BANK  COP,1.2517,1.2524,1.25205,7.00E-04,01/12/2016,00:09:54
GBP=,DANSKE BANK  COP,1.2517,1.2524,1.25205,7.00E-04,01/12/2016,00:10:00
GBP=,DANSKE BANK  COP,1.2517,1.2524,1.25205,7.00E-04,01/12/2016,00:10:03
GBP=,DANSKE BANK  COP,1.2517,1.2524,1.25205,7.00E-04,01/12/2016,00:10:06
GBP=,DANSKE BANK  COP,1.2517,1.2524,1.25205,7.00E-04,01/12/2016,00:10:09
GBP=,DANSKE BANK  COP,1.2517,1.2524,1.25205,7.00E-04,01/12/2016,00:10:15
GBP=,HSBC         LON,1.2517,1.2524,1.25205,7.00E-04,01/12/2016,00:10:11
GBP=,NEDBANK LTD  JHB,1.2517,1.2524,1.25205,7.00E-04,01/12/2016,00:10:10
GBP=,HSBC         LON,1.2516,1.2523,1.25195,7.00E-04,01/12/2016,00:09:21
GBP=,NEDBANK LTD  JHB,1.2516,1.2523,1.25195,7.00E-04,01/12/2016,00:09:22
GBP=,DANSKE BANK  COP,1.2515,1.2522,1.25185,7.00E-04,01/12/2016,00:13:34
GBP=,DANSKE BANK  COP,1.2515,1.2522,1.25185,7.00E-04,01/12/2016,00:13:37
GBP=,DANSKE BANK  COP,1.2515,1.2522,1.25185,7.00E-04,01/12/2016,00:13:57
GBP=,NEDBANK LTD  JHB,1.2515,1.2522,1.25185,7.00E-04,01/12/2016,00:13:38
GBP=,DANSKE BANK  COP,1.2514,1.2521,1.25175,7.00E-04,01/12/2016,00:13:47
GBP=,DANSKE BANK  COP,1.2514,1.2521,1.25175,7.00E-04,01/12/2016,00:14:06
GBP=,DANSKE BANK  COP,1.2514,1.2521,1.25175,7.00E-04,01/12/2016,00:14:09
GBP=,DANSKE BANK  COP,1.2513,1.252,1.25165,7.00E-04,01/12/2016,00:11:36
GBP=,DANSKE BANK  COP,1.2513,1.252,1.25165,7.00E-04,01/12/2016,00:11:39
GBP=,DANSKE BANK  COP,1.2513,1.252,1.25165,7.00E-04,01/12/2016,00:11:45
GBP=,DANSKE BANK  COP,1.2513,1.252,1.25165,7.00E-04,01/12/2016,00:11:48
GBP=,DANSKE BANK  COP,1.2513,1.252,1.25165,7.00E-04,01/12/2016,00:11:51
GBP=,DANSKE BANK  COP,1.2513,1.252,1.25165,7.00E-04,01/12/2016,00:12:03
GBP=,DANSKE BANK  COP,1.2513,1.252,1.25165,7.00E-04,01/12/2016,00:12:15
GBP=,DANSKE BANK  COP,1.2513,1.252,1.25165,7.00E-04,01/12/2016,00:12:18
GBP=,DANSKE BANK  COP,1.2513,1.252,1.25165,7.00E-04,01/12/2016,00:12:22
GBP=,DANSKE BANK  COP,1.2513,1.252,1.25165,7.00E-04,01/12/2016,00:12:25
GBP=,NEDBANK LTD  JHB,1.2513,1.252,1.25165,7.00E-04,01/12/2016,00:11:38
GBP=,NEDBANK LTD  JHB,1.2513,1.252,1.25165,7.00E-04,01/12/2016,00:12:19
GBP=,DANSKE BANK  COP,1.2512,1.2519,1.25155,7.00E-04,01/12/2016,00:11:15
GBP=,DANSKE BANK  COP,1.2512,1.2519,1.25155,7.00E-04,01/12/2016,00:11:18
GBP=,DANSKE BANK  COP,1.2511,1.2518,1.25145,7.00E-04,01/12/2016,00:11:12
GBP=,DANSKE BANK  COP,1.2521,1.2527,1.2524,6.00E-04,01/12/2016,00:14:42
GBP=,DANSKE BANK  COP,1.2521,1.2527,1.2524,6.00E-04,01/12/2016,00:14:45
GBP=,DANSKE BANK  COP,1.2521,1.2527,1.2524,6.00E-04,01/12/2016,00:15:00
GBP=,DANSKE BANK  COP,1.2521,1.2527,1.2524,6.00E-04,01/12/2016,00:15:22
GBP=,DANSKE BANK  COP,1.2521,1.2527,1.2524,6.00E-04,01/12/2016,00:15:31
GBP=,DANSKE BANK  COP,1.2521,1.2527,1.2524,6.00E-04,01/12/2016,00:15:34
GBP=,DANSKE BANK  COP,1.2521,1.2527,1.2524,6.00E-04,01/12/2016,00:15:37
GBP=,DANSKE BANK  COP,1.2521,1.2527,1.2524,6.00E-04,01/12/2016,00:15:47
GBP=,DANSKE BANK  COP,1.2521,1.2527,1.2524,6.00E-04,01/12/2016,00:15:50
GBP=,DANSKE BANK  COP,1.2521,1.2527,1.2524,6.00E-04,01/12/2016,00:16:46
GBP=,DANSKE BANK  COP,1.2521,1.2527,1.2524,6.00E-04,01/12/2016,00:16:49
GBP=,NEDBANK LTD  JHB,1.2521,1.2527,1.2524,6.00E-04,01/12/2016,00:14:43
GBP=,NEDBANK LTD  JHB,1.2521,1.2527,1.2524,6.00E-04,01/12/2016,00:16:51
GBP=,BTM          TOK,1.252,1.2526,1.2523,6.00E-04,01/12/2016,00:16:30
GBP=,DANSKE BANK  COP,1.252,1.2526,1.2523,6.00E-04,01/12/2016,00:14:39
GBP=,DANSKE BANK  COP,1.252,1.2526,1.2523,6.00E-04,01/12/2016,00:14:57
GBP=,DANSKE BANK  COP,1.252,1.2526,1.2523,6.00E-04,01/12/2016,00:15:28
GBP=,DANSKE BANK  COP,1.252,1.2526,1.2523,6.00E-04,01/12/2016,00:15:40
GBP=,DANSKE BANK  COP,1.252,1.2526,1.2523,6.00E-04,01/12/2016,00:15:57
GBP=,DANSKE BANK  COP,1.252,1.2526,1.2523,6.00E-04,01/12/2016,00:16:02
GBP=,DANSKE BANK  COP,1.252,1.2526,1.2523,6.00E-04,01/12/2016,00:16:53
GBP=,DANSKE BANK  COP,1.252,1.2526,1.2523,6.00E-04,01/12/2016,00:16:56
GBP=,NEDBANK LTD  JHB,1.252,1.2526,1.2523,6.00E-04,01/12/2016,00:14:58
GBP=,NEDBANK LTD  JHB,1.252,1.2526,1.2523,6.00E-04,01/12/2016,00:16:59
GBP=,BTM          TOK,1.2519,1.2525,1.2522,6.00E-04,01/12/2016,00:15:30
GBP=,DANSKE BANK  COP,1.2519,1.2525,1.2522,6.00E-04,01/12/2016,00:14:27
GBP=,DANSKE BANK  COP,1.2519,1.2525,1.2522,6.00E-04,01/12/2016,00:14:30
GBP=,DANSKE BANK  COP,1.2519,1.2525,1.2522,6.00E-04,01/12/2016,00:14:33
GBP=,DANSKE BANK  COP,1.2519,1.2525,1.2522,6.00E-04,01/12/2016,00:14:36
GBP=,DANSKE BANK  COP,1.2519,1.2525,1.2522,6.00E-04,01/12/2016,00:14:48
GBP=,DANSKE BANK  COP,1.2519,1.2525,1.2522,6.00E-04,01/12/2016,00:14:51
GBP=,NEDBANK LTD  JHB,1.2519,1.2525,1.2522,6.00E-04,01/12/2016,00:14:34
GBP=,DANSKE BANK  COP,1.2518,1.2524,1.2521,6.00E-04,01/12/2016,00:14:24
GBP=,BTM          TOK,1.2517,1.2523,1.252,6.00E-04,01/12/2016,00:10:00
GBP=,DANSKE BANK  COP,1.2517,1.2523,1.252,6.00E-04,01/12/2016,00:09:11
GBP=,DANSKE BANK  COP,1.2517,1.2523,1.252,6.00E-04,01/12/2016,00:09:14
GBP=,DANSKE BANK  COP,1.2517,1.2523,1.252,6.00E-04,01/12/2016,00:09:17
GBP=,DANSKE BANK  COP,1.2517,1.2523,1.252,6.00E-04,01/12/2016,00:09:27
GBP=,DANSKE BANK  COP,1.2517,1.2523,1.252,6.00E-04,01/12/2016,00:09:30
GBP=,DANSKE BANK  COP,1.2517,1.2523,1.252,6.00E-04,01/12/2016,00:09:38
GBP=,DANSKE BANK  COP,1.2517,1.2523,1.252,6.00E-04,01/12/2016,00:09:41
GBP=,DANSKE BANK  COP,1.2517,1.2523,1.252,6.00E-04,01/12/2016,00:09:45
GBP=,DANSKE BANK  COP,1.2517,1.2523,1.252,6.00E-04,01/12/2016,00:09:48
GBP=,DANSKE BANK  COP,1.2517,1.2523,1.252,6.00E-04,01/12/2016,00:09:51
GBP=,DANSKE BANK  COP,1.2517,1.2523,1.252,6.00E-04,01/12/2016,00:10:12
GBP=,DANSKE BANK  COP,1.2517,1.2523,1.252,6.00E-04,01/12/2016,00:10:18
GBP=,DANSKE BANK  COP,1.2517,1.2523,1.252,6.00E-04,01/12/2016,00:10:21
GBP=,DANSKE BANK  COP,1.2517,1.2523,1.252,6.00E-04,01/12/2016,00:10:24
GBP=,DANSKE BANK  COP,1.2517,1.2523,1.252,6.00E-04,01/12/2016,00:13:05
GBP=,DANSKE BANK  COP,1.2517,1.2523,1.252,6.00E-04,01/12/2016,00:13:08
GBP=,DANSKE BANK  COP,1.2517,1.2523,1.252,6.00E-04,01/12/2016,00:13:14
GBP=,DANSKE BANK  COP,1.2517,1.2523,1.252,6.00E-04,01/12/2016,00:13:16
GBP=,DANSKE BANK  COP,1.2517,1.2523,1.252,6.00E-04,01/12/2016,00:13:19
GBP=,DANSKE BANK  COP,1.2517,1.2523,1.252,6.00E-04,01/12/2016,00:13:22
GBP=,NEDBANK LTD  JHB,1.2517,1.2523,1.252,6.00E-04,01/12/2016,00:09:47
GBP=,BTM          TOK,1.2516,1.2522,1.2519,6.00E-04,01/12/2016,00:13:30
GBP=,DANSKE BANK  COP,1.2516,1.2522,1.2519,6.00E-04,01/12/2016,00:09:08
GBP=,DANSKE BANK  COP,1.2516,1.2522,1.2519,6.00E-04,01/12/2016,00:10:27
GBP=,DANSKE BANK  COP,1.2516,1.2522,1.2519,6.00E-04,01/12/2016,00:12:43
GBP=,DANSKE BANK  COP,1.2516,1.2522,1.2519,6.00E-04,01/12/2016,00:12:46
GBP=,DANSKE BANK  COP,1.2516,1.2522,1.2519,6.00E-04,01/12/2016,00:12:49
GBP=,DANSKE BANK  COP,1.2516,1.2522,1.2519,6.00E-04,01/12/2016,00:12:54
GBP=,DANSKE BANK  COP,1.2516,1.2522,1.2519,6.00E-04,01/12/2016,00:12:57
GBP=,DANSKE BANK  COP,1.2516,1.2522,1.2519,6.00E-04,01/12/2016,00:13:02
GBP=,DANSKE BANK  COP,1.2516,1.2522,1.2519,6.00E-04,01/12/2016,00:13:25
GBP=,DANSKE BANK  COP,1.2516,1.2522,1.2519,6.00E-04,01/12/2016,00:13:31
GBP=,DANSKE BANK  COP,1.2516,1.2522,1.2519,6.00E-04,01/12/2016,00:14:21
GBP=,NEDBANK LTD  JHB,1.2516,1.2522,1.2519,6.00E-04,01/12/2016,00:12:58
GBP=,BTM          TOK,1.2515,1.2521,1.2518,6.00E-04,01/12/2016,00:13:00
GBP=,BTM          TOK,1.2515,1.2521,1.2518,6.00E-04,01/12/2016,00:14:00
GBP=,DANSKE BANK  COP,1.2515,1.2521,1.2518,6.00E-04,01/12/2016,00:09:02
GBP=,DANSKE BANK  COP,1.2515,1.2521,1.2518,6.00E-04,01/12/2016,00:09:05
GBP=,DANSKE BANK  COP,1.2515,1.2521,1.2518,6.00E-04,01/12/2016,00:12:40
GBP=,DANSKE BANK  COP,1.2515,1.2521,1.2518,6.00E-04,01/12/2016,00:13:28
GBP=,DANSKE BANK  COP,1.2515,1.2521,1.2518,6.00E-04,01/12/2016,00:13:44
GBP=,DANSKE BANK  COP,1.2515,1.2521,1.2518,6.00E-04,01/12/2016,00:13:54
GBP=,DANSKE BANK  COP,1.2515,1.2521,1.2518,6.00E-04,01/12/2016,00:14:00
GBP=,DANSKE BANK  COP,1.2515,1.2521,1.2518,6.00E-04,01/12/2016,00:14:03
GBP=,DANSKE BANK  COP,1.2515,1.2521,1.2518,6.00E-04,01/12/2016,00:14:12
GBP=,DANSKE BANK  COP,1.2515,1.2521,1.2518,6.00E-04,01/12/2016,00:14:15
GBP=,DANSKE BANK  COP,1.2515,1.2521,1.2518,6.00E-04,01/12/2016,00:14:18
GBP=,DNB BANK     OSL,1.2515,1.2521,1.2518,6.00E-04,01/12/2016,00:13:52
GBP=,DNB BANK     OSL,1.2515,1.2521,1.2518,6.00E-04,01/12/2016,00:14:12
GBP=,NEDBANK LTD  JHB,1.2515,1.2521,1.2518,6.00E-04,01/12/2016,00:13:55
GBP=,DANSKE BANK  COP,1.2514,1.252,1.2517,6.00E-04,01/12/2016,00:10:30
GBP=,DANSKE BANK  COP,1.2514,1.252,1.2517,6.00E-04,01/12/2016,00:10:33
GBP=,DANSKE BANK  COP,1.2514,1.252,1.2517,6.00E-04,01/12/2016,00:10:36
GBP=,DANSKE BANK  COP,1.2514,1.252,1.2517,6.00E-04,01/12/2016,00:10:39
GBP=,DANSKE BANK  COP,1.2514,1.252,1.2517,6.00E-04,01/12/2016,00:11:54
GBP=,DANSKE BANK  COP,1.2514,1.252,1.2517,6.00E-04,01/12/2016,00:12:00
GBP=,DANSKE BANK  COP,1.2514,1.252,1.2517,6.00E-04,01/12/2016,00:12:06
GBP=,DANSKE BANK  COP,1.2514,1.252,1.2517,6.00E-04,01/12/2016,00:12:28
GBP=,DANSKE BANK  COP,1.2514,1.252,1.2517,6.00E-04,01/12/2016,00:12:31
GBP=,DANSKE BANK  COP,1.2514,1.252,1.2517,6.00E-04,01/12/2016,00:12:34
GBP=,DANSKE BANK  COP,1.2514,1.252,1.2517,6.00E-04,01/12/2016,00:12:37
GBP=,DANSKE BANK  COP,1.2514,1.252,1.2517,6.00E-04,01/12/2016,00:13:50
GBP=,NEDBANK LTD  JHB,1.2514,1.252,1.2517,6.00E-04,01/12/2016,00:12:11
GBP=,BTM          TOK,1.2513,1.2519,1.2516,6.00E-04,01/12/2016,00:12:00
GBP=,DANSKE BANK  COP,1.2513,1.2519,1.2516,6.00E-04,01/12/2016,00:11:21
GBP=,DANSKE BANK  COP,1.2513,1.2519,1.2516,6.00E-04,01/12/2016,00:11:24
GBP=,DANSKE BANK  COP,1.2513,1.2519,1.2516,6.00E-04,01/12/2016,00:11:27
GBP=,DANSKE BANK  COP,1.2513,1.2519,1.2516,6.00E-04,01/12/2016,00:11:30
GBP=,DANSKE BANK  COP,1.2513,1.2519,1.2516,6.00E-04,01/12/2016,00:11:33
GBP=,DANSKE BANK  COP,1.2513,1.2519,1.2516,6.00E-04,01/12/2016,00:11:42
GBP=,DNB BANK     OSL,1.2513,1.2519,1.2516,6.00E-04,01/12/2016,00:11:18
GBP=,BTM          TOK,1.2512,1.2518,1.2515,6.00E-04,01/12/2016,00:11:30
GBP=,DANSKE BANK  COP,1.2512,1.2518,1.2515,6.00E-04,01/12/2016,00:10:42
GBP=,DANSKE BANK  COP,1.2512,1.2518,1.2515,6.00E-04,01/12/2016,00:10:45
GBP=,DANSKE BANK  COP,1.2512,1.2518,1.2515,6.00E-04,01/12/2016,00:10:48
GBP=,DANSKE BANK  COP,1.2512,1.2518,1.2515,6.00E-04,01/12/2016,00:10:51
GBP=,DANSKE BANK  COP,1.2512,1.2518,1.2515,6.00E-04,01/12/2016,00:10:54
GBP=,DANSKE BANK  COP,1.2512,1.2518,1.2515,6.00E-04,01/12/2016,00:10:57
GBP=,DANSKE BANK  COP,1.2511,1.2517,1.2514,6.00E-04,01/12/2016,00:11:00
GBP=,DANSKE BANK  COP,1.2511,1.2517,1.2514,6.00E-04,01/12/2016,00:11:03
GBP=,DANSKE BANK  COP,1.2511,1.2517,1.2514,6.00E-04,01/12/2016,00:11:06
GBP=,DANSKE BANK  COP,1.2511,1.2517,1.2514,6.00E-04,01/12/2016,00:11:09
GBP=,CIBC         TOR,1.2522,1.2527,1.25245,5.00E-04,01/12/2016,00:15:08
GBP=,CIBC         TOR,1.2522,1.2527,1.25245,5.00E-04,01/12/2016,00:15:51
GBP=,CIBC         TOR,1.2522,1.2527,1.25245,5.00E-04,01/12/2016,00:15:56
GBP=,CIBC         TOR,1.2522,1.2527,1.25245,5.00E-04,01/12/2016,00:16:22
GBP=,CIBC         TOR,1.2522,1.2527,1.25245,5.00E-04,01/12/2016,00:16:24
GBP=,CIBC         TOR,1.2522,1.2527,1.25245,5.00E-04,01/12/2016,00:16:33
GBP=,BTM          TOK,1.2521,1.2526,1.25235,5.00E-04,01/12/2016,00:16:00
GBP=,CIBC         TOR,1.2521,1.2526,1.25235,5.00E-04,01/12/2016,00:14:41
GBP=,CIBC         TOR,1.2521,1.2526,1.25235,5.00E-04,01/12/2016,00:14:46
GBP=,CIBC         TOR,1.2521,1.2526,1.25235,5.00E-04,01/12/2016,00:14:57
GBP=,CIBC         TOR,1.2521,1.2526,1.25235,5.00E-04,01/12/2016,00:15:02
GBP=,CIBC         TOR,1.2521,1.2526,1.25235,5.00E-04,01/12/2016,00:15:13
GBP=,CIBC         TOR,1.2521,1.2526,1.25235,5.00E-04,01/12/2016,00:15:18
GBP=,CIBC         TOR,1.2521,1.2526,1.25235,5.00E-04,01/12/2016,00:15:29
GBP=,CIBC         TOR,1.2521,1.2526,1.25235,5.00E-04,01/12/2016,00:15:34
GBP=,CIBC         TOR,1.2521,1.2526,1.25235,5.00E-04,01/12/2016,00:15:45
GBP=,CIBC         TOR,1.2521,1.2526,1.25235,5.00E-04,01/12/2016,00:16:01
GBP=,CIBC         TOR,1.2521,1.2526,1.25235,5.00E-04,01/12/2016,00:16:06
GBP=,CIBC         TOR,1.2521,1.2526,1.25235,5.00E-04,01/12/2016,00:16:23
GBP=,CIBC         TOR,1.2521,1.2526,1.25235,5.00E-04,01/12/2016,00:16:28
GBP=,CIBC         TOR,1.2521,1.2526,1.25235,5.00E-04,01/12/2016,00:16:38
GBP=,CIBC         TOR,1.2521,1.2526,1.25235,5.00E-04,01/12/2016,00:16:44
GBP=,CIBC         TOR,1.2521,1.2526,1.25235,5.00E-04,01/12/2016,00:16:49
GBP=,NEDBANK LTD  JHB,1.2521,1.2526,1.25235,5.00E-04,01/12/2016,00:15:14
GBP=,NEDBANK LTD  JHB,1.2521,1.2526,1.25235,5.00E-04,01/12/2016,00:15:46
GBP=,NEDBANK LTD  JHB,1.2521,1.2526,1.25235,5.00E-04,01/12/2016,00:16:11
GBP=,UBS          ZUR,1.2521,1.2526,1.25235,5.00E-04,01/12/2016,00:15:10
GBP=,UBS          ZUR,1.2521,1.2526,1.25235,5.00E-04,01/12/2016,00:16:10
GBP=,BTM          TOK,1.252,1.2525,1.25225,5.00E-04,01/12/2016,00:15:00
GBP=,CIBC         TOR,1.252,1.2525,1.25225,5.00E-04,01/12/2016,00:14:52
GBP=,CIBC         TOR,1.252,1.2525,1.25225,5.00E-04,01/12/2016,00:15:24
GBP=,CIBC         TOR,1.252,1.2525,1.25225,5.00E-04,01/12/2016,00:15:40
GBP=,CIBC         TOR,1.252,1.2525,1.25225,5.00E-04,01/12/2016,00:16:54
GBP=,DNB BANK     OSL,1.252,1.2525,1.25225,5.00E-04,01/12/2016,00:14:54
GBP=,UBS          ZUR,1.252,1.2525,1.25225,5.00E-04,01/12/2016,00:14:40
GBP=,UBS          ZUR,1.252,1.2525,1.25225,5.00E-04,01/12/2016,00:15:40
GBP=,UBS          ZUR,1.252,1.2525,1.25225,5.00E-04,01/12/2016,00:16:51
GBP=,CIBC         TOR,1.2519,1.2524,1.25215,5.00E-04,01/12/2016,00:10:22
GBP=,CIBC         TOR,1.2519,1.2524,1.25215,5.00E-04,01/12/2016,00:10:25
GBP=,CIBC         TOR,1.2519,1.2524,1.25215,5.00E-04,01/12/2016,00:13:16
GBP=,CIBC         TOR,1.2519,1.2524,1.25215,5.00E-04,01/12/2016,00:14:25
GBP=,CIBC         TOR,1.2519,1.2524,1.25215,5.00E-04,01/12/2016,00:14:31
GBP=,CIBC         TOR,1.2519,1.2524,1.25215,5.00E-04,01/12/2016,00:14:36
GBP=,DNB BANK     OSL,1.2519,1.2524,1.25215,5.00E-04,01/12/2016,00:14:48
GBP=,NEDBANK LTD  JHB,1.2519,1.2524,1.25215,5.00E-04,01/12/2016,00:14:26
GBP=,CIBC         TOR,1.2518,1.2523,1.25205,5.00E-04,01/12/2016,00:09:16
GBP=,CIBC         TOR,1.2518,1.2523,1.25205,5.00E-04,01/12/2016,00:09:21
GBP=,CIBC         TOR,1.2518,1.2523,1.25205,5.00E-04,01/12/2016,00:09:26
GBP=,CIBC         TOR,1.2518,1.2523,1.25205,5.00E-04,01/12/2016,00:09:32
GBP=,CIBC         TOR,1.2518,1.2523,1.25205,5.00E-04,01/12/2016,00:09:48
GBP=,CIBC         TOR,1.2518,1.2523,1.25205,5.00E-04,01/12/2016,00:09:53
GBP=,CIBC         TOR,1.2518,1.2523,1.25205,5.00E-04,01/12/2016,00:09:58
GBP=,CIBC         TOR,1.2518,1.2523,1.25205,5.00E-04,01/12/2016,00:10:04
GBP=,CIBC         TOR,1.2518,1.2523,1.25205,5.00E-04,01/12/2016,00:10:09
GBP=,CIBC         TOR,1.2518,1.2523,1.25205,5.00E-04,01/12/2016,00:10:14
GBP=,CIBC         TOR,1.2518,1.2523,1.25205,5.00E-04,01/12/2016,00:12:55
GBP=,CIBC         TOR,1.2518,1.2523,1.25205,5.00E-04,01/12/2016,00:13:05
GBP=,DNB BANK     OSL,1.2518,1.2523,1.25205,5.00E-04,01/12/2016,00:14:24
GBP=,NEDBANK LTD  JHB,1.2518,1.2523,1.25205,5.00E-04,01/12/2016,00:09:54
GBP=,UBS          ZUR,1.2518,1.2523,1.25205,5.00E-04,01/12/2016,00:10:02
GBP=,BTM          TOK,1.2517,1.2522,1.25195,5.00E-04,01/12/2016,00:09:30
GBP=,BTM          TOK,1.2517,1.2522,1.25195,5.00E-04,01/12/2016,00:10:30
GBP=,BTM          TOK,1.2517,1.2522,1.25195,5.00E-04,01/12/2016,00:14:30
GBP=,CIBC         TOR,1.2517,1.2522,1.25195,5.00E-04,01/12/2016,00:09:09
GBP=,CIBC         TOR,1.2517,1.2522,1.25195,5.00E-04,01/12/2016,00:09:10
GBP=,CIBC         TOR,1.2517,1.2522,1.25195,5.00E-04,01/12/2016,00:09:37
GBP=,CIBC         TOR,1.2517,1.2522,1.25195,5.00E-04,01/12/2016,00:09:42
GBP=,CIBC         TOR,1.2517,1.2522,1.25195,5.00E-04,01/12/2016,00:12:42
GBP=,CIBC         TOR,1.2517,1.2522,1.25195,5.00E-04,01/12/2016,00:12:44
GBP=,CIBC         TOR,1.2517,1.2522,1.25195,5.00E-04,01/12/2016,00:12:49
GBP=,CIBC         TOR,1.2517,1.2522,1.25195,5.00E-04,01/12/2016,00:13:00
GBP=,CIBC         TOR,1.2517,1.2522,1.25195,5.00E-04,01/12/2016,00:13:11
GBP=,CIBC         TOR,1.2517,1.2522,1.25195,5.00E-04,01/12/2016,00:13:21
GBP=,CIBC         TOR,1.2517,1.2522,1.25195,5.00E-04,01/12/2016,00:13:32
GBP=,CIBC         TOR,1.2517,1.2522,1.25195,5.00E-04,01/12/2016,00:13:37
GBP=,CIBC         TOR,1.2517,1.2522,1.25195,5.00E-04,01/12/2016,00:13:43
GBP=,CIBC         TOR,1.2517,1.2522,1.25195,5.00E-04,01/12/2016,00:13:58
GBP=,CIBC         TOR,1.2517,1.2522,1.25195,5.00E-04,01/12/2016,00:14:20
GBP=,DNB BANK     OSL,1.2517,1.2522,1.25195,5.00E-04,01/12/2016,00:13:03
GBP=,NEDBANK LTD  JHB,1.2517,1.2522,1.25195,5.00E-04,01/12/2016,00:09:38
GBP=,UBS          ZUR,1.2517,1.2522,1.25195,5.00E-04,01/12/2016,00:09:32
GBP=,UBS          ZUR,1.2517,1.2522,1.25195,5.00E-04,01/12/2016,00:13:10
GBP=,CIBC         TOR,1.2516,1.2521,1.25185,5.00E-04,01/12/2016,00:09:03
GBP=,CIBC         TOR,1.2516,1.2521,1.25185,5.00E-04,01/12/2016,00:09:03
GBP=,CIBC         TOR,1.2516,1.2521,1.25185,5.00E-04,01/12/2016,00:09:04
GBP=,CIBC         TOR,1.2516,1.2521,1.25185,5.00E-04,01/12/2016,00:10:30
GBP=,CIBC         TOR,1.2516,1.2521,1.25185,5.00E-04,01/12/2016,00:12:28
GBP=,CIBC         TOR,1.2516,1.2521,1.25185,5.00E-04,01/12/2016,00:12:29
GBP=,CIBC         TOR,1.2516,1.2521,1.25185,5.00E-04,01/12/2016,00:12:40
GBP=,CIBC         TOR,1.2516,1.2521,1.25185,5.00E-04,01/12/2016,00:12:41
GBP=,CIBC         TOR,1.2516,1.2521,1.25185,5.00E-04,01/12/2016,00:13:26
GBP=,CIBC         TOR,1.2516,1.2521,1.25185,5.00E-04,01/12/2016,00:13:48
GBP=,CIBC         TOR,1.2516,1.2521,1.25185,5.00E-04,01/12/2016,00:13:53
GBP=,CIBC         TOR,1.2516,1.2521,1.25185,5.00E-04,01/12/2016,00:14:04
GBP=,CIBC         TOR,1.2516,1.2521,1.25185,5.00E-04,01/12/2016,00:14:09
GBP=,CIBC         TOR,1.2516,1.2521,1.25185,5.00E-04,01/12/2016,00:14:14
GBP=,DNB BANK     OSL,1.2516,1.2521,1.25185,5.00E-04,01/12/2016,00:13:26
GBP=,DNB BANK     OSL,1.2516,1.2521,1.25185,5.00E-04,01/12/2016,00:14:02
GBP=,UBS          ZUR,1.2516,1.2521,1.25185,5.00E-04,01/12/2016,00:10:32
GBP=,UBS          ZUR,1.2516,1.2521,1.25185,5.00E-04,01/12/2016,00:12:40
GBP=,UBS          ZUR,1.2516,1.2521,1.25185,5.00E-04,01/12/2016,00:13:40
GBP=,WESTPAC      SYD,1.2516,1.2521,1.25185,5.00E-04,01/12/2016,00:14:12
GBP=,CIBC         TOR,1.2515,1.252,1.25175,5.00E-04,01/12/2016,00:09:00
GBP=,CIBC         TOR,1.2515,1.252,1.25175,5.00E-04,01/12/2016,00:10:36
GBP=,CIBC         TOR,1.2515,1.252,1.25175,5.00E-04,01/12/2016,00:11:30
GBP=,CIBC         TOR,1.2515,1.252,1.25175,5.00E-04,01/12/2016,00:11:34
GBP=,CIBC         TOR,1.2515,1.252,1.25175,5.00E-04,01/12/2016,00:11:45
GBP=,CIBC         TOR,1.2515,1.252,1.25175,5.00E-04,01/12/2016,00:11:50
GBP=,CIBC         TOR,1.2515,1.252,1.25175,5.00E-04,01/12/2016,00:12:29
GBP=,CIBC         TOR,1.2515,1.252,1.25175,5.00E-04,01/12/2016,00:12:32
GBP=,CIBC         TOR,1.2515,1.252,1.25175,5.00E-04,01/12/2016,00:12:33
GBP=,CIBC         TOR,1.2515,1.252,1.25175,5.00E-04,01/12/2016,00:12:34
GBP=,DNB BANK     OSL,1.2515,1.252,1.25175,5.00E-04,01/12/2016,00:12:39
GBP=,DNB BANK     OSL,1.2515,1.252,1.25175,5.00E-04,01/12/2016,00:14:07
GBP=,NEDBANK LTD  JHB,1.2515,1.252,1.25175,5.00E-04,01/12/2016,00:11:47
GBP=,NEDBANK LTD  JHB,1.2515,1.252,1.25175,5.00E-04,01/12/2016,00:12:02
GBP=,NEDBANK LTD  JHB,1.2515,1.252,1.25175,5.00E-04,01/12/2016,00:14:11
GBP=,UBS          ZUR,1.2515,1.252,1.25175,5.00E-04,01/12/2016,00:09:02
GBP=,UBS          ZUR,1.2515,1.252,1.25175,5.00E-04,01/12/2016,00:12:02
GBP=,UBS          ZUR,1.2515,1.252,1.25175,5.00E-04,01/12/2016,00:14:10
GBP=,CIBC         TOR,1.2514,1.2519,1.25165,5.00E-04,01/12/2016,00:10:41
GBP=,CIBC         TOR,1.2514,1.2519,1.25165,5.00E-04,01/12/2016,00:10:46
GBP=,CIBC         TOR,1.2514,1.2519,1.25165,5.00E-04,01/12/2016,00:10:52
GBP=,CIBC         TOR,1.2514,1.2519,1.25165,5.00E-04,01/12/2016,00:11:18
GBP=,CIBC         TOR,1.2514,1.2519,1.25165,5.00E-04,01/12/2016,00:11:24
GBP=,CIBC         TOR,1.2514,1.2519,1.25165,5.00E-04,01/12/2016,00:11:40
GBP=,DNB BANK     OSL,1.2514,1.2519,1.25165,5.00E-04,01/12/2016,00:11:28
GBP=,UBS          ZUR,1.2514,1.2519,1.25165,5.00E-04,01/12/2016,00:11:32
GBP=,BTM          TOK,1.2513,1.2518,1.25155,5.00E-04,01/12/2016,00:09:00
GBP=,BTM          TOK,1.2513,1.2518,1.25155,5.00E-04,01/12/2016,00:11:00
GBP=,CIBC         TOR,1.2513,1.2518,1.25155,5.00E-04,01/12/2016,00:10:57
GBP=,CIBC         TOR,1.2513,1.2518,1.25155,5.00E-04,01/12/2016,00:11:02
GBP=,CIBC         TOR,1.2513,1.2518,1.25155,5.00E-04,01/12/2016,00:11:08
GBP=,CIBC         TOR,1.2512,1.2517,1.25145,5.00E-04,01/12/2016,00:11:13
GBP=,DNB BANK     OSL,1.2512,1.2517,1.25145,5.00E-04,01/12/2016,00:11:02
GBP=,NEDBANK LTD  JHB,1.2512,1.2517,1.25145,5.00E-04,01/12/2016,00:11:14
GBP=,UBS          ZUR,1.2512,1.2517,1.25145,5.00E-04,01/12/2016,00:11:02
GBP=,BARCLAYS     LON,1.2522,1.2526,1.2524,4.00E-04,01/12/2016,00:15:30
GBP=,BARCLAYS     LON,1.2522,1.2526,1.2524,4.00E-04,01/12/2016,00:15:31
GBP=,BARCLAYS     LON,1.2522,1.2526,1.2524,4.00E-04,01/12/2016,00:15:33
GBP=,BARCLAYS     LON,1.2522,1.2526,1.2524,4.00E-04,01/12/2016,00:15:36
GBP=,BARCLAYS     LON,1.2522,1.2526,1.2524,4.00E-04,01/12/2016,00:15:45
GBP=,BARCLAYS     LON,1.2522,1.2526,1.2524,4.00E-04,01/12/2016,00:15:49
GBP=,BARCLAYS     LON,1.2522,1.2526,1.2524,4.00E-04,01/12/2016,00:15:51
GBP=,BARCLAYS     LON,1.2522,1.2526,1.2524,4.00E-04,01/12/2016,00:15:54
GBP=,BARCLAYS     LON,1.2521,1.2525,1.2523,4.00E-04,01/12/2016,00:14:38
GBP=,BARCLAYS     LON,1.2521,1.2525,1.2523,4.00E-04,01/12/2016,00:14:39
GBP=,BARCLAYS     LON,1.2521,1.2525,1.2523,4.00E-04,01/12/2016,00:14:41
GBP=,BARCLAYS     LON,1.2521,1.2525,1.2523,4.00E-04,01/12/2016,00:14:41
GBP=,BARCLAYS     LON,1.2521,1.2525,1.2523,4.00E-04,01/12/2016,00:14:43
GBP=,BARCLAYS     LON,1.2521,1.2525,1.2523,4.00E-04,01/12/2016,00:14:44
GBP=,BARCLAYS     LON,1.2521,1.2525,1.2523,4.00E-04,01/12/2016,00:14:47
GBP=,BARCLAYS     LON,1.2521,1.2525,1.2523,4.00E-04,01/12/2016,00:14:54
GBP=,BARCLAYS     LON,1.2521,1.2525,1.2523,4.00E-04,01/12/2016,00:14:58
GBP=,BARCLAYS     LON,1.2521,1.2525,1.2523,4.00E-04,01/12/2016,00:15:06
GBP=,BARCLAYS     LON,1.2521,1.2525,1.2523,4.00E-04,01/12/2016,00:15:14
GBP=,BARCLAYS     LON,1.2521,1.2525,1.2523,4.00E-04,01/12/2016,00:15:24
GBP=,BARCLAYS     LON,1.2521,1.2525,1.2523,4.00E-04,01/12/2016,00:15:28
GBP=,BARCLAYS     LON,1.2521,1.2525,1.2523,4.00E-04,01/12/2016,00:15:31
GBP=,BARCLAYS     LON,1.2521,1.2525,1.2523,4.00E-04,01/12/2016,00:15:37
GBP=,BARCLAYS     LON,1.2521,1.2525,1.2523,4.00E-04,01/12/2016,00:15:37
GBP=,BARCLAYS     LON,1.2521,1.2525,1.2523,4.00E-04,01/12/2016,00:15:38
GBP=,BARCLAYS     LON,1.2521,1.2525,1.2523,4.00E-04,01/12/2016,00:15:39
GBP=,BARCLAYS     LON,1.2521,1.2525,1.2523,4.00E-04,01/12/2016,00:15:44
GBP=,BARCLAYS     LON,1.2521,1.2525,1.2523,4.00E-04,01/12/2016,00:15:55
GBP=,BARCLAYS     LON,1.2521,1.2525,1.2523,4.00E-04,01/12/2016,00:15:56
GBP=,BARCLAYS     LON,1.2521,1.2525,1.2523,4.00E-04,01/12/2016,00:16:01
GBP=,BARCLAYS     LON,1.2521,1.2525,1.2523,4.00E-04,01/12/2016,00:16:03
GBP=,BARCLAYS     LON,1.2521,1.2525,1.2523,4.00E-04,01/12/2016,00:16:17
GBP=,BARCLAYS     LON,1.2521,1.2525,1.2523,4.00E-04,01/12/2016,00:16:24
GBP=,BARCLAYS     LON,1.2521,1.2525,1.2523,4.00E-04,01/12/2016,00:16:28
GBP=,BARCLAYS     LON,1.2521,1.2525,1.2523,4.00E-04,01/12/2016,00:16:29
GBP=,BARCLAYS     LON,1.2521,1.2525,1.2523,4.00E-04,01/12/2016,00:16:33
GBP=,BARCLAYS     LON,1.2521,1.2525,1.2523,4.00E-04,01/12/2016,00:16:34
GBP=,BARCLAYS     LON,1.2521,1.2525,1.2523,4.00E-04,01/12/2016,00:16:38
GBP=,BARCLAYS     LON,1.2521,1.2525,1.2523,4.00E-04,01/12/2016,00:16:40
GBP=,BARCLAYS     LON,1.2521,1.2525,1.2523,4.00E-04,01/12/2016,00:16:49
GBP=,BARCLAYS     LON,1.2521,1.2525,1.2523,4.00E-04,01/12/2016,00:16:51
GBP=,DNB BANK     OSL,1.2521,1.2525,1.2523,4.00E-04,01/12/2016,00:14:43
GBP=,DNB BANK     OSL,1.2521,1.2525,1.2523,4.00E-04,01/12/2016,00:14:58
GBP=,DNB BANK     OSL,1.2521,1.2525,1.2523,4.00E-04,01/12/2016,00:15:29
GBP=,DNB BANK     OSL,1.2521,1.2525,1.2523,4.00E-04,01/12/2016,00:15:45
GBP=,DNB BANK     OSL,1.2521,1.2525,1.2523,4.00E-04,01/12/2016,00:15:56
GBP=,DNB BANK     OSL,1.2521,1.2525,1.2523,4.00E-04,01/12/2016,00:16:05
GBP=,DNB BANK     OSL,1.2521,1.2525,1.2523,4.00E-04,01/12/2016,00:16:32
GBP=,NEDBANK LTD  JHB,1.2521,1.2525,1.2523,4.00E-04,01/12/2016,00:15:38
GBP=,NEDBANK LTD  JHB,1.2521,1.2525,1.2523,4.00E-04,01/12/2016,00:16:02
GBP=,NORDEA       COP,1.2521,1.2525,1.2523,4.00E-04,01/12/2016,00:15:55
GBP=,BARCLAYS     LON,1.252,1.2524,1.2522,4.00E-04,01/12/2016,00:14:26
GBP=,BARCLAYS     LON,1.252,1.2524,1.2522,4.00E-04,01/12/2016,00:14:36
GBP=,BARCLAYS     LON,1.252,1.2524,1.2522,4.00E-04,01/12/2016,00:14:48
GBP=,BARCLAYS     LON,1.252,1.2524,1.2522,4.00E-04,01/12/2016,00:14:49
GBP=,BARCLAYS     LON,1.252,1.2524,1.2522,4.00E-04,01/12/2016,00:14:54
GBP=,BARCLAYS     LON,1.252,1.2524,1.2522,4.00E-04,01/12/2016,00:15:26
GBP=,BARCLAYS     LON,1.252,1.2524,1.2522,4.00E-04,01/12/2016,00:15:27
GBP=,NEDBANK LTD  JHB,1.252,1.2524,1.2522,4.00E-04,01/12/2016,00:14:50
GBP=,NORDEA       COP,1.252,1.2524,1.2522,4.00E-04,01/12/2016,00:14:55
GBP=,NORDEA       COP,1.252,1.2524,1.2522,4.00E-04,01/12/2016,00:16:56
GBP=,BARCLAYS     LON,1.2519,1.2523,1.2521,4.00E-04,01/12/2016,00:14:24
GBP=,BARCLAYS     LON,1.2519,1.2523,1.2521,4.00E-04,01/12/2016,00:14:27
GBP=,BARCLAYS     LON,1.2519,1.2523,1.2521,4.00E-04,01/12/2016,00:14:47
GBP=,DNB BANK     OSL,1.2519,1.2523,1.2521,4.00E-04,01/12/2016,00:14:29
GBP=,NORDEA       COP,1.2519,1.2523,1.2521,4.00E-04,01/12/2016,00:14:26
GBP=,BARCLAYS     LON,1.2518,1.2522,1.252,4.00E-04,01/12/2016,00:09:09
GBP=,BARCLAYS     LON,1.2518,1.2522,1.252,4.00E-04,01/12/2016,00:09:48
GBP=,BARCLAYS     LON,1.2518,1.2522,1.252,4.00E-04,01/12/2016,00:09:49
GBP=,BARCLAYS     LON,1.2518,1.2522,1.252,4.00E-04,01/12/2016,00:09:51
GBP=,BARCLAYS     LON,1.2518,1.2522,1.252,4.00E-04,01/12/2016,00:10:24
GBP=,BARCLAYS     LON,1.2518,1.2522,1.252,4.00E-04,01/12/2016,00:13:02
GBP=,BARCLAYS     LON,1.2518,1.2522,1.252,4.00E-04,01/12/2016,00:13:04
GBP=,BARCLAYS     LON,1.2518,1.2522,1.252,4.00E-04,01/12/2016,00:13:08
GBP=,BARCLAYS     LON,1.2518,1.2522,1.252,4.00E-04,01/12/2016,00:13:09
GBP=,BARCLAYS     LON,1.2518,1.2522,1.252,4.00E-04,01/12/2016,00:14:23
GBP=,NORDEA       COP,1.2518,1.2522,1.252,4.00E-04,01/12/2016,00:09:51
GBP=,BARCLAYS     LON,1.2517,1.2521,1.2519,4.00E-04,01/12/2016,00:09:05
GBP=,BARCLAYS     LON,1.2517,1.2521,1.2519,4.00E-04,01/12/2016,00:10:25
GBP=,BARCLAYS     LON,1.2517,1.2521,1.2519,4.00E-04,01/12/2016,00:10:27
GBP=,BARCLAYS     LON,1.2517,1.2521,1.2519,4.00E-04,01/12/2016,00:12:41
GBP=,BARCLAYS     LON,1.2517,1.2521,1.2519,4.00E-04,01/12/2016,00:12:42
GBP=,BARCLAYS     LON,1.2517,1.2521,1.2519,4.00E-04,01/12/2016,00:13:21
GBP=,BARCLAYS     LON,1.2517,1.2521,1.2519,4.00E-04,01/12/2016,00:13:24
GBP=,BARCLAYS     LON,1.2517,1.2521,1.2519,4.00E-04,01/12/2016,00:13:33
GBP=,BARCLAYS     LON,1.2517,1.2521,1.2519,4.00E-04,01/12/2016,00:13:34
GBP=,BARCLAYS     LON,1.2517,1.2521,1.2519,4.00E-04,01/12/2016,00:13:56
GBP=,BARCLAYS     LON,1.2517,1.2521,1.2519,4.00E-04,01/12/2016,00:14:19
GBP=,BARCLAYS     LON,1.2517,1.2521,1.2519,4.00E-04,01/12/2016,00:14:21
GBP=,DNB BANK     OSL,1.2517,1.2521,1.2519,4.00E-04,01/12/2016,00:12:44
GBP=,DNB BANK     OSL,1.2517,1.2521,1.2519,4.00E-04,01/12/2016,00:13:21
GBP=,DNB BANK     OSL,1.2517,1.2521,1.2519,4.00E-04,01/12/2016,00:13:57
GBP=,DNB BANK     OSL,1.2517,1.2521,1.2519,4.00E-04,01/12/2016,00:14:19
GBP=,NEDBANK LTD  JHB,1.2517,1.2521,1.2519,4.00E-04,01/12/2016,00:10:27
GBP=,NEDBANK LTD  JHB,1.2517,1.2521,1.2519,4.00E-04,01/12/2016,00:12:42
GBP=,NEDBANK LTD  JHB,1.2517,1.2521,1.2519,4.00E-04,01/12/2016,00:13:22
GBP=,NORDEA       COP,1.2517,1.2521,1.2519,4.00E-04,01/12/2016,00:09:19
GBP=,NORDEA       COP,1.2517,1.2521,1.2519,4.00E-04,01/12/2016,00:12:55
GBP=,BARCLAYS     LON,1.2516,1.252,1.2518,4.00E-04,01/12/2016,00:09:01
GBP=,BARCLAYS     LON,1.2516,1.252,1.2518,4.00E-04,01/12/2016,00:09:03
GBP=,BARCLAYS     LON,1.2516,1.252,1.2518,4.00E-04,01/12/2016,00:10:27
GBP=,BARCLAYS     LON,1.2516,1.252,1.2518,4.00E-04,01/12/2016,00:12:39
GBP=,BARCLAYS     LON,1.2516,1.252,1.2518,4.00E-04,01/12/2016,00:13:25
GBP=,BARCLAYS     LON,1.2516,1.252,1.2518,4.00E-04,01/12/2016,00:13:29
GBP=,BARCLAYS     LON,1.2516,1.252,1.2518,4.00E-04,01/12/2016,00:13:30
GBP=,BARCLAYS     LON,1.2516,1.252,1.2518,4.00E-04,01/12/2016,00:13:31
GBP=,BARCLAYS     LON,1.2516,1.252,1.2518,4.00E-04,01/12/2016,00:13:44
GBP=,BARCLAYS     LON,1.2516,1.252,1.2518,4.00E-04,01/12/2016,00:13:47
GBP=,BARCLAYS     LON,1.2516,1.252,1.2518,4.00E-04,01/12/2016,00:13:51
GBP=,BARCLAYS     LON,1.2516,1.252,1.2518,4.00E-04,01/12/2016,00:13:51
GBP=,BARCLAYS     LON,1.2516,1.252,1.2518,4.00E-04,01/12/2016,00:13:53
GBP=,BARCLAYS     LON,1.2516,1.252,1.2518,4.00E-04,01/12/2016,00:13:59
GBP=,BARCLAYS     LON,1.2516,1.252,1.2518,4.00E-04,01/12/2016,00:14:05
GBP=,BARCLAYS     LON,1.2516,1.252,1.2518,4.00E-04,01/12/2016,00:14:07
GBP=,BARCLAYS     LON,1.2516,1.252,1.2518,4.00E-04,01/12/2016,00:14:09
GBP=,BARCLAYS     LON,1.2516,1.252,1.2518,4.00E-04,01/12/2016,00:14:11
GBP=,BARCLAYS     LON,1.2516,1.252,1.2518,4.00E-04,01/12/2016,00:14:17
GBP=,DNB BANK     OSL,1.2516,1.252,1.2518,4.00E-04,01/12/2016,00:10:30
GBP=,DNB BANK     OSL,1.2516,1.252,1.2518,4.00E-04,01/12/2016,00:13:47
GBP=,NORDEA       COP,1.2516,1.252,1.2518,4.00E-04,01/12/2016,00:13:25
GBP=,BARCLAYS     LON,1.2515,1.2519,1.2517,4.00E-04,01/12/2016,00:10:32
GBP=,BARCLAYS     LON,1.2515,1.2519,1.2517,4.00E-04,01/12/2016,00:10:38
GBP=,BARCLAYS     LON,1.2515,1.2519,1.2517,4.00E-04,01/12/2016,00:11:29
GBP=,BARCLAYS     LON,1.2515,1.2519,1.2517,4.00E-04,01/12/2016,00:11:44
GBP=,BARCLAYS     LON,1.2515,1.2519,1.2517,4.00E-04,01/12/2016,00:11:46
GBP=,BARCLAYS     LON,1.2515,1.2519,1.2517,4.00E-04,01/12/2016,00:11:59
GBP=,BARCLAYS     LON,1.2515,1.2519,1.2517,4.00E-04,01/12/2016,00:12:00
GBP=,BARCLAYS     LON,1.2515,1.2519,1.2517,4.00E-04,01/12/2016,00:12:03
GBP=,BARCLAYS     LON,1.2515,1.2519,1.2517,4.00E-04,01/12/2016,00:12:05
GBP=,BARCLAYS     LON,1.2515,1.2519,1.2517,4.00E-04,01/12/2016,00:12:16
GBP=,BARCLAYS     LON,1.2515,1.2519,1.2517,4.00E-04,01/12/2016,00:12:26
GBP=,BARCLAYS     LON,1.2515,1.2519,1.2517,4.00E-04,01/12/2016,00:12:27
GBP=,BARCLAYS     LON,1.2515,1.2519,1.2517,4.00E-04,01/12/2016,00:13:49
GBP=,BARCLAYS     LON,1.2515,1.2519,1.2517,4.00E-04,01/12/2016,00:14:07
GBP=,DNB BANK     OSL,1.2515,1.2519,1.2517,4.00E-04,01/12/2016,00:11:49
GBP=,WESTPAC      SYD,1.2515,1.2519,1.2517,4.00E-04,01/12/2016,00:12:18
GBP=,BARCLAYS     LON,1.2514,1.2518,1.2516,4.00E-04,01/12/2016,00:10:39
GBP=,BARCLAYS     LON,1.2514,1.2518,1.2516,4.00E-04,01/12/2016,00:10:52
GBP=,BARCLAYS     LON,1.2514,1.2518,1.2516,4.00E-04,01/12/2016,00:11:14
GBP=,BARCLAYS     LON,1.2514,1.2518,1.2516,4.00E-04,01/12/2016,00:11:28
GBP=,BARCLAYS     LON,1.2514,1.2518,1.2516,4.00E-04,01/12/2016,00:11:39
GBP=,BARCLAYS     LON,1.2514,1.2518,1.2516,4.00E-04,01/12/2016,00:11:42
GBP=,DNB BANK     OSL,1.2514,1.2518,1.2516,4.00E-04,01/12/2016,00:10:40
GBP=,DNB BANK     OSL,1.2514,1.2518,1.2516,4.00E-04,01/12/2016,00:11:39
GBP=,NEDBANK LTD  JHB,1.2514,1.2518,1.2516,4.00E-04,01/12/2016,00:11:30
GBP=,NEDBANK LTD  JHB,1.2514,1.2518,1.2516,4.00E-04,01/12/2016,00:11:54
GBP=,NORDEA       COP,1.2514,1.2518,1.2516,4.00E-04,01/12/2016,00:11:52
GBP=,BARCLAYS     LON,1.2513,1.2517,1.2515,4.00E-04,01/12/2016,00:10:54
GBP=,BARCLAYS     LON,1.2513,1.2517,1.2515,4.00E-04,01/12/2016,00:10:58
GBP=,BARCLAYS     LON,1.2513,1.2517,1.2515,4.00E-04,01/12/2016,00:11:01
GBP=,BARCLAYS     LON,1.2513,1.2517,1.2515,4.00E-04,01/12/2016,00:11:03
GBP=,BARCLAYS     LON,1.2513,1.2517,1.2515,4.00E-04,01/12/2016,00:11:10
GBP=,BARCLAYS     LON,1.2513,1.2517,1.2515,4.00E-04,01/12/2016,00:11:11
GBP=,BARCLAYS     LON,1.2513,1.2517,1.2515,4.00E-04,01/12/2016,00:11:13
GBP=,DNB BANK     OSL,1.2513,1.2517,1.2515,4.00E-04,01/12/2016,00:10:57
GBP=,DNB BANK     OSL,1.2513,1.2517,1.2515,4.00E-04,01/12/2016,00:11:13
GBP=,NORDEA       COP,1.2513,1.2517,1.2515,4.00E-04,01/12/2016,00:10:51
GBP=,BARCLAYS     LON,1.2512,1.2516,1.2514,4.00E-04,01/12/2016,00:11:00
GBP=,BARCLAYS     LON,1.2512,1.2516,1.2514,4.00E-04,01/12/2016,00:11:09
GBP=,Commerzbank  FFT,1.2523,1.2526,1.25245,3.00E-04,01/12/2016,00:15:09
GBP=,Commerzbank  FFT,1.2523,1.2526,1.25245,3.00E-04,01/12/2016,00:15:35
GBP=,Commerzbank  FFT,1.2523,1.2526,1.25245,3.00E-04,01/12/2016,00:15:49
GBP=,Commerzbank  FFT,1.2522,1.2525,1.25235,3.00E-04,01/12/2016,00:15:17
GBP=,Commerzbank  FFT,1.2522,1.2525,1.25235,3.00E-04,01/12/2016,00:16:19
GBP=,Commerzbank  FFT,1.2522,1.2525,1.25235,3.00E-04,01/12/2016,00:16:51
GBP=,DNB BANK     OSL,1.2522,1.2525,1.25235,3.00E-04,01/12/2016,00:15:34
GBP=,DNB BANK     OSL,1.2522,1.2525,1.25235,3.00E-04,01/12/2016,00:15:50
GBP=,DNB BANK     OSL,1.2522,1.2525,1.25235,3.00E-04,01/12/2016,00:16:27
GBP=,INTERPROMBAN MOW,1.2522,1.2525,1.25235,3.00E-04,01/12/2016,00:14:46
GBP=,INTERPROMBAN MOW,1.2522,1.2525,1.25235,3.00E-04,01/12/2016,00:14:57
GBP=,INTERPROMBAN MOW,1.2522,1.2525,1.25235,3.00E-04,01/12/2016,00:15:07
GBP=,INTERPROMBAN MOW,1.2522,1.2525,1.25235,3.00E-04,01/12/2016,00:15:12
GBP=,INTERPROMBAN MOW,1.2522,1.2525,1.25235,3.00E-04,01/12/2016,00:15:17
GBP=,INTERPROMBAN MOW,1.2522,1.2525,1.25235,3.00E-04,01/12/2016,00:15:23
GBP=,INTERPROMBAN MOW,1.2522,1.2525,1.25235,3.00E-04,01/12/2016,00:15:33
GBP=,INTERPROMBAN MOW,1.2522,1.2525,1.25235,3.00E-04,01/12/2016,00:15:38
GBP=,INTERPROMBAN MOW,1.2522,1.2525,1.25235,3.00E-04,01/12/2016,00:15:49
GBP=,INTERPROMBAN MOW,1.2522,1.2525,1.25235,3.00E-04,01/12/2016,00:15:54
GBP=,INTERPROMBAN MOW,1.2522,1.2525,1.25235,3.00E-04,01/12/2016,00:16:27
GBP=,INTERPROMBAN MOW,1.2522,1.2525,1.25235,3.00E-04,01/12/2016,00:16:49
GBP=,Commerzbank  FFT,1.2521,1.2524,1.25225,3.00E-04,01/12/2016,00:14:41
GBP=,Commerzbank  FFT,1.2521,1.2524,1.25225,3.00E-04,01/12/2016,00:15:45
GBP=,Commerzbank  FFT,1.2521,1.2524,1.25225,3.00E-04,01/12/2016,00:16:01
GBP=,DNB BANK     OSL,1.2521,1.2524,1.25225,3.00E-04,01/12/2016,00:15:24
GBP=,DNB BANK     OSL,1.2521,1.2524,1.25225,3.00E-04,01/12/2016,00:15:39
GBP=,DNB BANK     OSL,1.2521,1.2524,1.25225,3.00E-04,01/12/2016,00:16:00
GBP=,DNB BANK     OSL,1.2521,1.2524,1.25225,3.00E-04,01/12/2016,00:16:50
GBP=,INTERPROMBAN MOW,1.2521,1.2524,1.25225,3.00E-04,01/12/2016,00:15:44
GBP=,INTERPROMBAN MOW,1.2521,1.2524,1.25225,3.00E-04,01/12/2016,00:16:00
GBP=,INTERPROMBAN MOW,1.2521,1.2524,1.25225,3.00E-04,01/12/2016,00:16:55
GBP=,WESTPAC      SYD,1.2521,1.2524,1.25225,3.00E-04,01/12/2016,00:16:09
GBP=,Commerzbank  FFT,1.252,1.2523,1.25215,3.00E-04,01/12/2016,00:10:23
GBP=,Commerzbank  FFT,1.252,1.2523,1.25215,3.00E-04,01/12/2016,00:13:17
GBP=,Commerzbank  FFT,1.252,1.2523,1.25215,3.00E-04,01/12/2016,00:14:25
GBP=,Commerzbank  FFT,1.252,1.2523,1.25215,3.00E-04,01/12/2016,00:15:33
GBP=,Commerzbank  FFT,1.252,1.2523,1.25215,3.00E-04,01/12/2016,00:16:17
GBP=,Commerzbank  FFT,1.252,1.2523,1.25215,3.00E-04,01/12/2016,00:16:49
GBP=,DNB BANK     OSL,1.252,1.2523,1.25215,3.00E-04,01/12/2016,00:14:38
GBP=,INTERPROMBAN MOW,1.252,1.2523,1.25215,3.00E-04,01/12/2016,00:14:31
GBP=,INTERPROMBAN MOW,1.252,1.2523,1.25215,3.00E-04,01/12/2016,00:14:36
GBP=,Commerzbank  FFT,1.2519,1.2522,1.25205,3.00E-04,01/12/2016,00:09:15
GBP=,Commerzbank  FFT,1.2519,1.2522,1.25205,3.00E-04,01/12/2016,00:09:51
GBP=,Commerzbank  FFT,1.2519,1.2522,1.25205,3.00E-04,01/12/2016,00:10:19
GBP=,Commerzbank  FFT,1.2519,1.2522,1.25205,3.00E-04,01/12/2016,00:10:25
GBP=,Commerzbank  FFT,1.2519,1.2522,1.25205,3.00E-04,01/12/2016,00:13:03
GBP=,DNB BANK     OSL,1.2519,1.2522,1.25205,3.00E-04,01/12/2016,00:09:49
GBP=,INTERPROMBAN MOW,1.2519,1.2522,1.25205,3.00E-04,01/12/2016,00:09:56
GBP=,INTERPROMBAN MOW,1.2519,1.2522,1.25205,3.00E-04,01/12/2016,00:10:06
GBP=,WESTPAC      SYD,1.2519,1.2522,1.25205,3.00E-04,01/12/2016,00:10:11
GBP=,Commerzbank  FFT,1.2518,1.2521,1.25195,3.00E-04,01/12/2016,00:09:37
GBP=,Commerzbank  FFT,1.2518,1.2521,1.25195,3.00E-04,01/12/2016,00:13:21
GBP=,Commerzbank  FFT,1.2518,1.2521,1.25195,3.00E-04,01/12/2016,00:13:39
GBP=,DNB BANK     OSL,1.2518,1.2521,1.25195,3.00E-04,01/12/2016,00:09:12
GBP=,DNB BANK     OSL,1.2518,1.2521,1.25195,3.00E-04,01/12/2016,00:10:25
GBP=,INTERPROMBAN MOW,1.2518,1.2521,1.25195,3.00E-04,01/12/2016,00:09:13
GBP=,INTERPROMBAN MOW,1.2518,1.2521,1.25195,3.00E-04,01/12/2016,00:09:19
GBP=,INTERPROMBAN MOW,1.2518,1.2521,1.25195,3.00E-04,01/12/2016,00:09:30
GBP=,INTERPROMBAN MOW,1.2518,1.2521,1.25195,3.00E-04,01/12/2016,00:09:35
GBP=,INTERPROMBAN MOW,1.2518,1.2521,1.25195,3.00E-04,01/12/2016,00:09:40
GBP=,INTERPROMBAN MOW,1.2518,1.2521,1.25195,3.00E-04,01/12/2016,00:09:51
GBP=,INTERPROMBAN MOW,1.2518,1.2521,1.25195,3.00E-04,01/12/2016,00:13:04
GBP=,INTERPROMBAN MOW,1.2518,1.2521,1.25195,3.00E-04,01/12/2016,00:13:11
GBP=,INTERPROMBAN MOW,1.2518,1.2521,1.25195,3.00E-04,01/12/2016,00:13:16
GBP=,INTERPROMBAN MOW,1.2518,1.2521,1.25195,3.00E-04,01/12/2016,00:13:21
GBP=,Commerzbank  FFT,1.2517,1.252,1.25185,3.00E-04,01/12/2016,00:09:05
GBP=,Commerzbank  FFT,1.2517,1.252,1.25185,3.00E-04,01/12/2016,00:09:33
GBP=,Commerzbank  FFT,1.2517,1.252,1.25185,3.00E-04,01/12/2016,00:10:17
GBP=,Commerzbank  FFT,1.2517,1.252,1.25185,3.00E-04,01/12/2016,00:12:31
GBP=,Commerzbank  FFT,1.2517,1.252,1.25185,3.00E-04,01/12/2016,00:12:41
GBP=,Commerzbank  FFT,1.2517,1.252,1.25185,3.00E-04,01/12/2016,00:13:27
GBP=,Commerzbank  FFT,1.2517,1.252,1.25185,3.00E-04,01/12/2016,00:13:57
GBP=,DNB BANK     OSL,1.2517,1.252,1.25185,3.00E-04,01/12/2016,00:09:07
GBP=,INTERPROMBAN MOW,1.2517,1.252,1.25185,3.00E-04,01/12/2016,00:09:08
GBP=,INTERPROMBAN MOW,1.2517,1.252,1.25185,3.00E-04,01/12/2016,00:12:43
GBP=,INTERPROMBAN MOW,1.2517,1.252,1.25185,3.00E-04,01/12/2016,00:13:26
GBP=,INTERPROMBAN MOW,1.2517,1.252,1.25185,3.00E-04,01/12/2016,00:13:31
GBP=,INTERPROMBAN MOW,1.2517,1.252,1.25185,3.00E-04,01/12/2016,00:13:59
GBP=,INTERPROMBAN MOW,1.2517,1.252,1.25185,3.00E-04,01/12/2016,00:14:21
GBP=,NEDBANK LTD  JHB,1.2517,1.252,1.25185,3.00E-04,01/12/2016,00:09:06
GBP=,NEDBANK LTD  JHB,1.2517,1.252,1.25185,3.00E-04,01/12/2016,00:10:18
GBP=,Commerzbank  FFT,1.2516,1.2519,1.25175,3.00E-04,01/12/2016,00:10:29
GBP=,Commerzbank  FFT,1.2516,1.2519,1.25175,3.00E-04,01/12/2016,00:11:35
GBP=,Commerzbank  FFT,1.2516,1.2519,1.25175,3.00E-04,01/12/2016,00:13:51
GBP=,DNB BANK     OSL,1.2516,1.2519,1.25175,3.00E-04,01/12/2016,00:09:02
GBP=,DNB BANK     OSL,1.2516,1.2519,1.25175,3.00E-04,01/12/2016,00:10:35
GBP=,INTERPROMBAN MOW,1.2516,1.2519,1.25175,3.00E-04,01/12/2016,00:09:03
GBP=,INTERPROMBAN MOW,1.2516,1.2519,1.25175,3.00E-04,01/12/2016,00:10:28
GBP=,INTERPROMBAN MOW,1.2516,1.2519,1.25175,3.00E-04,01/12/2016,00:13:49
GBP=,INTERPROMBAN MOW,1.2516,1.2519,1.25175,3.00E-04,01/12/2016,00:13:54
GBP=,INTERPROMBAN MOW,1.2516,1.2519,1.25175,3.00E-04,01/12/2016,00:14:04
GBP=,INTERPROMBAN MOW,1.2516,1.2519,1.25175,3.00E-04,01/12/2016,00:14:09
GBP=,INTERPROMBAN MOW,1.2516,1.2519,1.25175,3.00E-04,01/12/2016,00:14:15
GBP=,Commerzbank  FFT,1.2515,1.2518,1.25165,3.00E-04,01/12/2016,00:10:41
GBP=,Commerzbank  FFT,1.2515,1.2518,1.25165,3.00E-04,01/12/2016,00:11:15
GBP=,Commerzbank  FFT,1.2515,1.2518,1.25165,3.00E-04,01/12/2016,00:11:43
GBP=,Commerzbank  FFT,1.2515,1.2518,1.25165,3.00E-04,01/12/2016,00:11:49
GBP=,Commerzbank  FFT,1.2515,1.2518,1.25165,3.00E-04,01/12/2016,00:12:33
GBP=,INTERPROMBAN MOW,1.2515,1.2518,1.25165,3.00E-04,01/12/2016,00:11:59
GBP=,INTERPROMBAN MOW,1.2515,1.2518,1.25165,3.00E-04,01/12/2016,00:12:04
GBP=,INTERPROMBAN MOW,1.2515,1.2518,1.25165,3.00E-04,01/12/2016,00:12:15
GBP=,INTERPROMBAN MOW,1.2515,1.2518,1.25165,3.00E-04,01/12/2016,00:12:26
GBP=,INTERPROMBAN MOW,1.2515,1.2518,1.25165,3.00E-04,01/12/2016,00:12:31
GBP=,INTERPROMBAN MOW,1.2515,1.2518,1.25165,3.00E-04,01/12/2016,00:12:38
GBP=,NEDBANK LTD  JHB,1.2515,1.2518,1.25165,3.00E-04,01/12/2016,00:12:35
GBP=,DNB BANK     OSL,1.2514,1.2517,1.25155,3.00E-04,01/12/2016,00:10:52
GBP=,DNB BANK     OSL,1.2514,1.2517,1.25155,3.00E-04,01/12/2016,00:11:44
GBP=,INTERPROMBAN MOW,1.2514,1.2517,1.25155,3.00E-04,01/12/2016,00:10:44
GBP=,INTERPROMBAN MOW,1.2514,1.2517,1.25155,3.00E-04,01/12/2016,00:11:21
GBP=,INTERPROMBAN MOW,1.2514,1.2517,1.25155,3.00E-04,01/12/2016,00:11:33
GBP=,INTERPROMBAN MOW,1.2514,1.2517,1.25155,3.00E-04,01/12/2016,00:11:44
GBP=,Commerzbank  FFT,1.2513,1.2516,1.25145,3.00E-04,01/12/2016,00:10:59
GBP=,Commerzbank  FFT,1.2513,1.2516,1.25145,3.00E-04,01/12/2016,00:11:47
GBP=,INTERPROMBAN MOW,1.2513,1.2516,1.25145,3.00E-04,01/12/2016,00:10:59
GBP=,Raiffeisen   MOW,1.2523,1.2525,1.2524,2.00E-04,01/12/2016,00:15:18
GBP=,Raiffeisen   MOW,1.2523,1.2525,1.2524,2.00E-04,01/12/2016,00:15:28
GBP=,Raiffeisen   MOW,1.2523,1.2525,1.2524,2.00E-04,01/12/2016,00:15:48
GBP=,ASANPACIFIBK MOW,1.2522,1.2524,1.2523,2.00E-04,01/12/2016,00:14:46
GBP=,ASANPACIFIBK MOW,1.2522,1.2524,1.2523,2.00E-04,01/12/2016,00:14:57
GBP=,INTERPROMBAN MOW,1.2522,1.2524,1.2523,2.00E-04,01/12/2016,00:14:41
GBP=,INTERPROMBAN MOW,1.2522,1.2524,1.2523,2.00E-04,01/12/2016,00:15:02
GBP=,INTERPROMBAN MOW,1.2522,1.2524,1.2523,2.00E-04,01/12/2016,00:15:28
GBP=,INTERPROMBAN MOW,1.2522,1.2524,1.2523,2.00E-04,01/12/2016,00:16:05
GBP=,INTERPROMBAN MOW,1.2522,1.2524,1.2523,2.00E-04,01/12/2016,00:16:11
GBP=,INTERPROMBAN MOW,1.2522,1.2524,1.2523,2.00E-04,01/12/2016,00:16:22
GBP=,INTERPROMBAN MOW,1.2522,1.2524,1.2523,2.00E-04,01/12/2016,00:16:33
GBP=,INTERPROMBAN MOW,1.2522,1.2524,1.2523,2.00E-04,01/12/2016,00:16:38
GBP=,INTERPROMBAN MOW,1.2522,1.2524,1.2523,2.00E-04,01/12/2016,00:16:44
GBP=,MDM BANK     MOW,1.2522,1.2524,1.2523,2.00E-04,01/12/2016,00:14:40
GBP=,MDM BANK     MOW,1.2522,1.2524,1.2523,2.00E-04,01/12/2016,00:15:40
GBP=,Raiffeisen   MOW,1.2522,1.2524,1.2523,2.00E-04,01/12/2016,00:16:52
GBP=,SOC GEN      SOF,1.2522,1.2524,1.2523,2.00E-04,01/12/2016,00:15:16
GBP=,ZUERCHER KB  ZUR,1.2522,1.2524,1.2523,2.00E-04,01/12/2016,00:15:41
GBP=,ZUERCHER KB  ZUR,1.2522,1.2524,1.2523,2.00E-04,01/12/2016,00:16:41
GBP=,INTERPROMBAN MOW,1.2521,1.2523,1.2522,2.00E-04,01/12/2016,00:14:51
GBP=,SOC GEN      SOF,1.2521,1.2523,1.2522,2.00E-04,01/12/2016,00:14:32
GBP=,SOC GEN      SOF,1.2521,1.2523,1.2522,2.00E-04,01/12/2016,00:14:47
GBP=,SOC GEN      SOF,1.2521,1.2523,1.2522,2.00E-04,01/12/2016,00:16:02
GBP=,SOC GEN      SOF,1.2521,1.2523,1.2522,2.00E-04,01/12/2016,00:16:31
GBP=,INTERPROMBAN MOW,1.252,1.2522,1.2521,2.00E-04,01/12/2016,00:14:25
GBP=,SOC GEN      SOF,1.252,1.2522,1.2521,2.00E-04,01/12/2016,00:15:02
GBP=,SOC GEN      SOF,1.252,1.2522,1.2521,2.00E-04,01/12/2016,00:15:32
GBP=,SOC GEN      SOF,1.252,1.2522,1.2521,2.00E-04,01/12/2016,00:15:47
GBP=,SOC GEN      SOF,1.252,1.2522,1.2521,2.00E-04,01/12/2016,00:16:16
GBP=,SOC GEN      SOF,1.252,1.2522,1.2521,2.00E-04,01/12/2016,00:16:47
GBP=,ASANPACIFIBK MOW,1.2519,1.2521,1.252,2.00E-04,01/12/2016,00:10:15
GBP=,INTERPROMBAN MOW,1.2519,1.2521,1.252,2.00E-04,01/12/2016,00:10:01
GBP=,INTERPROMBAN MOW,1.2519,1.2521,1.252,2.00E-04,01/12/2016,00:10:11
GBP=,INTERPROMBAN MOW,1.2519,1.2521,1.252,2.00E-04,01/12/2016,00:10:22
GBP=,MDM BANK     MOW,1.2519,1.2521,1.252,2.00E-04,01/12/2016,00:10:23
GBP=,NEDBANK LTD  JHB,1.2519,1.2521,1.252,2.00E-04,01/12/2016,00:10:03
GBP=,Raiffeisen   MOW,1.2519,1.2521,1.252,2.00E-04,01/12/2016,00:13:05
GBP=,SOC GEN      SOF,1.2519,1.2521,1.252,2.00E-04,01/12/2016,00:10:02
GBP=,INTERPROMBAN MOW,1.2518,1.252,1.2519,2.00E-04,01/12/2016,00:12:49
GBP=,INTERPROMBAN MOW,1.2518,1.252,1.2519,2.00E-04,01/12/2016,00:12:59
GBP=,NEDBANK LTD  JHB,1.2518,1.252,1.2519,2.00E-04,01/12/2016,00:13:46
GBP=,NEDBANK LTD  JHB,1.2518,1.252,1.2519,2.00E-04,01/12/2016,00:14:02
GBP=,SOC GEN      SOF,1.2518,1.252,1.2519,2.00E-04,01/12/2016,00:09:16
GBP=,SOC GEN      SOF,1.2518,1.252,1.2519,2.00E-04,01/12/2016,00:13:46
GBP=,SOC GEN      SOF,1.2518,1.252,1.2519,2.00E-04,01/12/2016,00:14:01
GBP=,INTERPROMBAN MOW,1.2517,1.2519,1.2518,2.00E-04,01/12/2016,00:13:36
GBP=,MDM BANK     MOW,1.2517,1.2519,1.2518,2.00E-04,01/12/2016,00:13:44
GBP=,SOC GEN      SOF,1.2517,1.2519,1.2518,2.00E-04,01/12/2016,00:09:32
GBP=,SOC GEN      SOF,1.2517,1.2519,1.2518,2.00E-04,01/12/2016,00:09:47
GBP=,SOC GEN      SOF,1.2517,1.2519,1.2518,2.00E-04,01/12/2016,00:10:16
GBP=,SOC GEN      SOF,1.2517,1.2519,1.2518,2.00E-04,01/12/2016,00:12:31
GBP=,SOC GEN      SOF,1.2517,1.2519,1.2518,2.00E-04,01/12/2016,00:12:46
GBP=,SOC GEN      SOF,1.2517,1.2519,1.2518,2.00E-04,01/12/2016,00:13:32
GBP=,INTERPROMBAN MOW,1.2516,1.2518,1.2517,2.00E-04,01/12/2016,00:10:33
GBP=,INTERPROMBAN MOW,1.2516,1.2518,1.2517,2.00E-04,01/12/2016,00:10:38
GBP=,NEDBANK LTD  JHB,1.2516,1.2518,1.2517,2.00E-04,01/12/2016,00:10:34
GBP=,Raiffeisen   MOW,1.2516,1.2518,1.2517,2.00E-04,01/12/2016,00:12:13
GBP=,Raiffeisen   MOW,1.2516,1.2518,1.2517,2.00E-04,01/12/2016,00:12:34
GBP=,SOC GEN      SOF,1.2516,1.2518,1.2517,2.00E-04,01/12/2016,00:10:31
GBP=,SOC GEN      SOF,1.2516,1.2518,1.2517,2.00E-04,01/12/2016,00:10:47
GBP=,SOC GEN      SOF,1.2516,1.2518,1.2517,2.00E-04,01/12/2016,00:12:18
GBP=,SOC GEN      SOF,1.2516,1.2518,1.2517,2.00E-04,01/12/2016,00:13:02
GBP=,SOC GEN      SOF,1.2516,1.2518,1.2517,2.00E-04,01/12/2016,00:14:17
GBP=,ZUERCHER KB  ZUR,1.2516,1.2518,1.2517,2.00E-04,01/12/2016,00:12:42
GBP=,INTERPROMBAN MOW,1.2515,1.2517,1.2516,2.00E-04,01/12/2016,00:11:38
GBP=,INTERPROMBAN MOW,1.2515,1.2517,1.2516,2.00E-04,01/12/2016,00:11:49
GBP=,INTERPROMBAN MOW,1.2515,1.2517,1.2516,2.00E-04,01/12/2016,00:11:54
GBP=,MDM BANK     MOW,1.2515,1.2517,1.2516,2.00E-04,01/12/2016,00:11:38
GBP=,SOC GEN      SOF,1.2515,1.2517,1.2516,2.00E-04,01/12/2016,00:09:01
GBP=,SOC GEN      SOF,1.2515,1.2517,1.2516,2.00E-04,01/12/2016,00:12:02
GBP=,SOC GEN      SOF,1.2515,1.2517,1.2516,2.00E-04,01/12/2016,00:13:17
GBP=,ZUERCHER KB  ZUR,1.2515,1.2517,1.2516,2.00E-04,01/12/2016,00:11:41
GBP=,ASANPACIFIBK MOW,1.2514,1.2516,1.2515,2.00E-04,01/12/2016,00:10:53
GBP=,INTERPROMBAN MOW,1.2514,1.2516,1.2515,2.00E-04,01/12/2016,00:10:49
GBP=,INTERPROMBAN MOW,1.2514,1.2516,1.2515,2.00E-04,01/12/2016,00:10:54
GBP=,INTERPROMBAN MOW,1.2514,1.2516,1.2515,2.00E-04,01/12/2016,00:11:15
GBP=,NEDBANK LTD  JHB,1.2514,1.2516,1.2515,2.00E-04,01/12/2016,00:10:50
GBP=,SOC GEN      SOF,1.2514,1.2516,1.2515,2.00E-04,01/12/2016,00:11:02
GBP=,ASANPACIFIBK MOW,1.2513,1.2515,1.2514,2.00E-04,01/12/2016,00:11:09
GBP=,INTERPROMBAN MOW,1.2513,1.2515,1.2514,2.00E-04,01/12/2016,00:11:05
GBP=,INTERPROMBAN MOW,1.2513,1.2515,1.2514,2.00E-04,01/12/2016,00:11:10
GBP=,SOC GEN      SOF,1.2513,1.2515,1.2514,2.00E-04,01/12/2016,00:11:31
GBP=,SOC GEN      SOF,1.2513,1.2515,1.2514,2.00E-04,01/12/2016,00:11:46
GBP=,SOC GEN      SOF,1.2511,1.2513,1.2512,2.00E-04,01/12/2016,00:11:17
GBP=,ALFA-BANK    MOW,1.2523,1.2524,1.25235,1.00E-04,01/12/2016,00:14:44
GBP=,ALFA-BANK    MOW,1.2523,1.2524,1.25235,1.00E-04,01/12/2016,00:15:36
GBP=,ALFA-BANK    MOW,1.2523,1.2524,1.25235,1.00E-04,01/12/2016,00:15:47
GBP=,ASANPACIFIBK MOW,1.2523,1.2524,1.25235,1.00E-04,01/12/2016,00:14:41
GBP=,ASANPACIFIBK MOW,1.2523,1.2524,1.25235,1.00E-04,01/12/2016,00:15:02
GBP=,ASANPACIFIBK MOW,1.2523,1.2524,1.25235,1.00E-04,01/12/2016,00:15:07
GBP=,ASANPACIFIBK MOW,1.2523,1.2524,1.25235,1.00E-04,01/12/2016,00:15:12
GBP=,ASANPACIFIBK MOW,1.2523,1.2524,1.25235,1.00E-04,01/12/2016,00:15:17
GBP=,ASANPACIFIBK MOW,1.2523,1.2524,1.25235,1.00E-04,01/12/2016,00:15:22
GBP=,ASANPACIFIBK MOW,1.2523,1.2524,1.25235,1.00E-04,01/12/2016,00:15:28
GBP=,ASANPACIFIBK MOW,1.2523,1.2524,1.25235,1.00E-04,01/12/2016,00:15:33
GBP=,ASANPACIFIBK MOW,1.2523,1.2524,1.25235,1.00E-04,01/12/2016,00:15:38
GBP=,ASANPACIFIBK MOW,1.2523,1.2524,1.25235,1.00E-04,01/12/2016,00:15:49
GBP=,ASANPACIFIBK MOW,1.2523,1.2524,1.25235,1.00E-04,01/12/2016,00:15:55
GBP=,ASANPACIFIBK MOW,1.2523,1.2524,1.25235,1.00E-04,01/12/2016,00:16:05
GBP=,ASANPACIFIBK MOW,1.2523,1.2524,1.25235,1.00E-04,01/12/2016,00:16:22
GBP=,ASANPACIFIBK MOW,1.2523,1.2524,1.25235,1.00E-04,01/12/2016,00:16:27
GBP=,ASANPACIFIBK MOW,1.2523,1.2524,1.25235,1.00E-04,01/12/2016,00:16:33
GBP=,ASANPACIFIBK MOW,1.2523,1.2524,1.25235,1.00E-04,01/12/2016,00:16:38
GBP=,ASANPACIFIBK MOW,1.2523,1.2524,1.25235,1.00E-04,01/12/2016,00:16:44
GBP=,ASANPACIFIBK MOW,1.2523,1.2524,1.25235,1.00E-04,01/12/2016,00:16:49
GBP=,MDM BANK     MOW,1.2523,1.2524,1.25235,1.00E-04,01/12/2016,00:14:45
GBP=,MDM BANK     MOW,1.2523,1.2524,1.25235,1.00E-04,01/12/2016,00:15:07
GBP=,MDM BANK     MOW,1.2523,1.2524,1.25235,1.00E-04,01/12/2016,00:15:13
GBP=,MDM BANK     MOW,1.2523,1.2524,1.25235,1.00E-04,01/12/2016,00:15:20
GBP=,MDM BANK     MOW,1.2523,1.2524,1.25235,1.00E-04,01/12/2016,00:15:30
GBP=,MDM BANK     MOW,1.2523,1.2524,1.25235,1.00E-04,01/12/2016,00:15:35
GBP=,MDM BANK     MOW,1.2523,1.2524,1.25235,1.00E-04,01/12/2016,00:15:46
GBP=,MDM BANK     MOW,1.2523,1.2524,1.25235,1.00E-04,01/12/2016,00:15:51
GBP=,MDM BANK     MOW,1.2523,1.2524,1.25235,1.00E-04,01/12/2016,00:15:56
GBP=,MDM BANK     MOW,1.2523,1.2524,1.25235,1.00E-04,01/12/2016,00:16:23
GBP=,MDM BANK     MOW,1.2523,1.2524,1.25235,1.00E-04,01/12/2016,00:16:28
GBP=,MDM BANK     MOW,1.2523,1.2524,1.25235,1.00E-04,01/12/2016,00:16:34
GBP=,MDM BANK     MOW,1.2523,1.2524,1.25235,1.00E-04,01/12/2016,00:16:39
GBP=,MDM BANK     MOW,1.2523,1.2524,1.25235,1.00E-04,01/12/2016,00:16:49
GBP=,NEDBANK LTD  JHB,1.2523,1.2524,1.25235,1.00E-04,01/12/2016,00:15:31
GBP=,NEDBANK LTD  JHB,1.2523,1.2524,1.25235,1.00E-04,01/12/2016,00:16:35
GBP=,Raiffeisen   MOW,1.2523,1.2524,1.25235,1.00E-04,01/12/2016,00:14:58
GBP=,Raiffeisen   MOW,1.2523,1.2524,1.25235,1.00E-04,01/12/2016,00:15:08
GBP=,Raiffeisen   MOW,1.2523,1.2524,1.25235,1.00E-04,01/12/2016,00:15:38
GBP=,Raiffeisen   MOW,1.2523,1.2524,1.25235,1.00E-04,01/12/2016,00:16:00
GBP=,Raiffeisen   MOW,1.2523,1.2524,1.25235,1.00E-04,01/12/2016,00:16:11
GBP=,Raiffeisen   MOW,1.2523,1.2524,1.25235,1.00E-04,01/12/2016,00:16:21
GBP=,Raiffeisen   MOW,1.2523,1.2524,1.25235,1.00E-04,01/12/2016,00:16:31
GBP=,Raiffeisen   MOW,1.2523,1.2524,1.25235,1.00E-04,01/12/2016,00:16:42
GBP=,ALFA-BANK    MOW,1.2522,1.2523,1.25225,1.00E-04,01/12/2016,00:14:54
GBP=,ASANPACIFIBK MOW,1.2522,1.2523,1.25225,1.00E-04,01/12/2016,00:15:43
GBP=,ASANPACIFIBK MOW,1.2522,1.2523,1.25225,1.00E-04,01/12/2016,00:16:00
GBP=,ASANPACIFIBK MOW,1.2522,1.2523,1.25225,1.00E-04,01/12/2016,00:16:55
GBP=,MDM BANK     MOW,1.2522,1.2523,1.25225,1.00E-04,01/12/2016,00:14:56
GBP=,MDM BANK     MOW,1.2522,1.2523,1.25225,1.00E-04,01/12/2016,00:15:25
GBP=,MDM BANK     MOW,1.2522,1.2523,1.25225,1.00E-04,01/12/2016,00:16:02
GBP=,MDM BANK     MOW,1.2522,1.2523,1.25225,1.00E-04,01/12/2016,00:16:58
GBP=,ZUERCHER KB  ZUR,1.2522,1.2523,1.25225,1.00E-04,01/12/2016,00:14:42
GBP=,ALFA-BANK    MOW,1.2521,1.2522,1.25215,1.00E-04,01/12/2016,00:14:34
GBP=,ASANPACIFIBK MOW,1.2521,1.2522,1.25215,1.00E-04,01/12/2016,00:14:25
GBP=,ASANPACIFIBK MOW,1.2521,1.2522,1.25215,1.00E-04,01/12/2016,00:14:30
GBP=,ASANPACIFIBK MOW,1.2521,1.2522,1.25215,1.00E-04,01/12/2016,00:14:36
GBP=,ASANPACIFIBK MOW,1.2521,1.2522,1.25215,1.00E-04,01/12/2016,00:14:51
GBP=,MDM BANK     MOW,1.2521,1.2522,1.25215,1.00E-04,01/12/2016,00:14:28
GBP=,MDM BANK     MOW,1.2521,1.2522,1.25215,1.00E-04,01/12/2016,00:14:34
GBP=,MDM BANK     MOW,1.2521,1.2522,1.25215,1.00E-04,01/12/2016,00:14:49
GBP=,Raiffeisen   MOW,1.2521,1.2522,1.25215,1.00E-04,01/12/2016,00:14:27
GBP=,Raiffeisen   MOW,1.2521,1.2522,1.25215,1.00E-04,01/12/2016,00:14:38
GBP=,Raiffeisen   MOW,1.2521,1.2522,1.25215,1.00E-04,01/12/2016,00:14:48
GBP=,ALFA-BANK    MOW,1.252,1.2521,1.25205,1.00E-04,01/12/2016,00:10:05
GBP=,ASANPACIFIBK MOW,1.252,1.2521,1.25205,1.00E-04,01/12/2016,00:09:54
GBP=,ASANPACIFIBK MOW,1.252,1.2521,1.25205,1.00E-04,01/12/2016,00:09:59
GBP=,ASANPACIFIBK MOW,1.252,1.2521,1.25205,1.00E-04,01/12/2016,00:10:04
GBP=,ASANPACIFIBK MOW,1.252,1.2521,1.25205,1.00E-04,01/12/2016,00:10:09
GBP=,MDM BANK     MOW,1.252,1.2521,1.25205,1.00E-04,01/12/2016,00:09:54
GBP=,MDM BANK     MOW,1.252,1.2521,1.25205,1.00E-04,01/12/2016,00:10:01
GBP=,MDM BANK     MOW,1.252,1.2521,1.25205,1.00E-04,01/12/2016,00:10:09
GBP=,Raiffeisen   MOW,1.252,1.2521,1.25205,1.00E-04,01/12/2016,00:09:50
GBP=,Raiffeisen   MOW,1.252,1.2521,1.25205,1.00E-04,01/12/2016,00:10:01
GBP=,Raiffeisen   MOW,1.252,1.2521,1.25205,1.00E-04,01/12/2016,00:10:11
GBP=,Raiffeisen   MOW,1.252,1.2521,1.25205,1.00E-04,01/12/2016,00:10:21
GBP=,Raiffeisen   MOW,1.252,1.2521,1.25205,1.00E-04,01/12/2016,00:13:15
GBP=,ALFA-BANK    MOW,1.2519,1.252,1.25195,1.00E-04,01/12/2016,00:09:14
GBP=,ALFA-BANK    MOW,1.2519,1.252,1.25195,1.00E-04,01/12/2016,00:09:24
GBP=,ALFA-BANK    MOW,1.2519,1.252,1.25195,1.00E-04,01/12/2016,00:09:34
GBP=,ALFA-BANK    MOW,1.2519,1.252,1.25195,1.00E-04,01/12/2016,00:09:45
GBP=,ALFA-BANK    MOW,1.2519,1.252,1.25195,1.00E-04,01/12/2016,00:10:25
GBP=,ALFA-BANK    MOW,1.2519,1.252,1.25195,1.00E-04,01/12/2016,00:13:09
GBP=,ASANPACIFIBK MOW,1.2519,1.252,1.25195,1.00E-04,01/12/2016,00:09:13
GBP=,ASANPACIFIBK MOW,1.2519,1.252,1.25195,1.00E-04,01/12/2016,00:09:20
GBP=,ASANPACIFIBK MOW,1.2519,1.252,1.25195,1.00E-04,01/12/2016,00:09:32
GBP=,ASANPACIFIBK MOW,1.2519,1.252,1.25195,1.00E-04,01/12/2016,00:09:38
GBP=,ASANPACIFIBK MOW,1.2519,1.252,1.25195,1.00E-04,01/12/2016,00:09:48
GBP=,ASANPACIFIBK MOW,1.2519,1.252,1.25195,1.00E-04,01/12/2016,00:10:25
GBP=,ASANPACIFIBK MOW,1.2519,1.252,1.25195,1.00E-04,01/12/2016,00:13:05
GBP=,ASANPACIFIBK MOW,1.2519,1.252,1.25195,1.00E-04,01/12/2016,00:13:10
GBP=,ASANPACIFIBK MOW,1.2519,1.252,1.25195,1.00E-04,01/12/2016,00:13:16
GBP=,ASANPACIFIBK MOW,1.2519,1.252,1.25195,1.00E-04,01/12/2016,00:13:21
GBP=,MDM BANK     MOW,1.2519,1.252,1.25195,1.00E-04,01/12/2016,00:09:10
GBP=,MDM BANK     MOW,1.2519,1.252,1.25195,1.00E-04,01/12/2016,00:09:15
GBP=,MDM BANK     MOW,1.2519,1.252,1.25195,1.00E-04,01/12/2016,00:09:28
GBP=,MDM BANK     MOW,1.2519,1.252,1.25195,1.00E-04,01/12/2016,00:09:35
GBP=,MDM BANK     MOW,1.2519,1.252,1.25195,1.00E-04,01/12/2016,00:09:40
GBP=,MDM BANK     MOW,1.2519,1.252,1.25195,1.00E-04,01/12/2016,00:09:47
GBP=,MDM BANK     MOW,1.2519,1.252,1.25195,1.00E-04,01/12/2016,00:10:18
GBP=,MDM BANK     MOW,1.2519,1.252,1.25195,1.00E-04,01/12/2016,00:13:00
GBP=,MDM BANK     MOW,1.2519,1.252,1.25195,1.00E-04,01/12/2016,00:13:05
GBP=,MDM BANK     MOW,1.2519,1.252,1.25195,1.00E-04,01/12/2016,00:13:11
GBP=,MDM BANK     MOW,1.2519,1.252,1.25195,1.00E-04,01/12/2016,00:13:16
GBP=,MDM BANK     MOW,1.2519,1.252,1.25195,1.00E-04,01/12/2016,00:13:21
GBP=,NEDBANK LTD  JHB,1.2519,1.252,1.25195,1.00E-04,01/12/2016,00:09:15
GBP=,NEDBANK LTD  JHB,1.2519,1.252,1.25195,1.00E-04,01/12/2016,00:09:30
GBP=,NEDBANK LTD  JHB,1.2519,1.252,1.25195,1.00E-04,01/12/2016,00:13:07
GBP=,Raiffeisen   MOW,1.2519,1.252,1.25195,1.00E-04,01/12/2016,00:09:20
GBP=,Raiffeisen   MOW,1.2519,1.252,1.25195,1.00E-04,01/12/2016,00:09:30
GBP=,Raiffeisen   MOW,1.2519,1.252,1.25195,1.00E-04,01/12/2016,00:12:44
GBP=,Raiffeisen   MOW,1.2519,1.252,1.25195,1.00E-04,01/12/2016,00:12:55
GBP=,ZUERCHER KB  ZUR,1.2519,1.252,1.25195,1.00E-04,01/12/2016,00:09:41
GBP=,ALFA-BANK    MOW,1.2518,1.2519,1.25185,1.00E-04,01/12/2016,00:12:48
GBP=,ALFA-BANK    MOW,1.2518,1.2519,1.25185,1.00E-04,01/12/2016,00:13:29
GBP=,ALFA-BANK    MOW,1.2518,1.2519,1.25185,1.00E-04,01/12/2016,00:14:00
GBP=,ALFA-BANK    MOW,1.2518,1.2519,1.25185,1.00E-04,01/12/2016,00:14:22
GBP=,ASANPACIFIBK MOW,1.2518,1.2519,1.25185,1.00E-04,01/12/2016,00:09:08
GBP=,ASANPACIFIBK MOW,1.2518,1.2519,1.25185,1.00E-04,01/12/2016,00:12:43
GBP=,ASANPACIFIBK MOW,1.2518,1.2519,1.25185,1.00E-04,01/12/2016,00:12:49
GBP=,ASANPACIFIBK MOW,1.2518,1.2519,1.25185,1.00E-04,01/12/2016,00:13:26
GBP=,ASANPACIFIBK MOW,1.2518,1.2519,1.25185,1.00E-04,01/12/2016,00:13:31
GBP=,ASANPACIFIBK MOW,1.2518,1.2519,1.25185,1.00E-04,01/12/2016,00:13:36
GBP=,ASANPACIFIBK MOW,1.2518,1.2519,1.25185,1.00E-04,01/12/2016,00:13:57
GBP=,ASANPACIFIBK MOW,1.2518,1.2519,1.25185,1.00E-04,01/12/2016,00:14:20
GBP=,MDM BANK     MOW,1.2518,1.2519,1.25185,1.00E-04,01/12/2016,00:12:43
GBP=,MDM BANK     MOW,1.2518,1.2519,1.25185,1.00E-04,01/12/2016,00:12:49
GBP=,MDM BANK     MOW,1.2518,1.2519,1.25185,1.00E-04,01/12/2016,00:13:26
GBP=,MDM BANK     MOW,1.2518,1.2519,1.25185,1.00E-04,01/12/2016,00:13:31
GBP=,MDM BANK     MOW,1.2518,1.2519,1.25185,1.00E-04,01/12/2016,00:13:55
GBP=,MDM BANK     MOW,1.2518,1.2519,1.25185,1.00E-04,01/12/2016,00:14:01
GBP=,NEDBANK LTD  JHB,1.2518,1.2519,1.25185,1.00E-04,01/12/2016,00:12:50
GBP=,NEDBANK LTD  JHB,1.2518,1.2519,1.25185,1.00E-04,01/12/2016,00:13:31
GBP=,Raiffeisen   MOW,1.2518,1.2519,1.25185,1.00E-04,01/12/2016,00:09:06
GBP=,Raiffeisen   MOW,1.2518,1.2519,1.25185,1.00E-04,01/12/2016,00:13:25
GBP=,Raiffeisen   MOW,1.2518,1.2519,1.25185,1.00E-04,01/12/2016,00:13:36
GBP=,Raiffeisen   MOW,1.2518,1.2519,1.25185,1.00E-04,01/12/2016,00:13:57
GBP=,Raiffeisen   MOW,1.2518,1.2519,1.25185,1.00E-04,01/12/2016,00:14:17
GBP=,ZUERCHER KB  ZUR,1.2518,1.2519,1.25185,1.00E-04,01/12/2016,00:13:41
GBP=,ALFA-BANK    MOW,1.2517,1.2518,1.25175,1.00E-04,01/12/2016,00:09:02
GBP=,ALFA-BANK    MOW,1.2517,1.2518,1.25175,1.00E-04,01/12/2016,00:13:50
GBP=,ALFA-BANK    MOW,1.2517,1.2518,1.25175,1.00E-04,01/12/2016,00:14:11
GBP=,ASANPACIFIBK MOW,1.2517,1.2518,1.25175,1.00E-04,01/12/2016,00:09:03
GBP=,ASANPACIFIBK MOW,1.2517,1.2518,1.25175,1.00E-04,01/12/2016,00:10:31
GBP=,ASANPACIFIBK MOW,1.2517,1.2518,1.25175,1.00E-04,01/12/2016,00:12:26
GBP=,ASANPACIFIBK MOW,1.2517,1.2518,1.25175,1.00E-04,01/12/2016,00:13:47
GBP=,ASANPACIFIBK MOW,1.2517,1.2518,1.25175,1.00E-04,01/12/2016,00:13:52
GBP=,ASANPACIFIBK MOW,1.2517,1.2518,1.25175,1.00E-04,01/12/2016,00:14:03
GBP=,ASANPACIFIBK MOW,1.2517,1.2518,1.25175,1.00E-04,01/12/2016,00:14:08
GBP=,ASANPACIFIBK MOW,1.2517,1.2518,1.25175,1.00E-04,01/12/2016,00:14:15
GBP=,MDM BANK     MOW,1.2517,1.2518,1.25175,1.00E-04,01/12/2016,00:09:05
GBP=,MDM BANK     MOW,1.2517,1.2518,1.25175,1.00E-04,01/12/2016,00:10:29
GBP=,MDM BANK     MOW,1.2517,1.2518,1.25175,1.00E-04,01/12/2016,00:10:38
GBP=,MDM BANK     MOW,1.2517,1.2518,1.25175,1.00E-04,01/12/2016,00:13:50
GBP=,MDM BANK     MOW,1.2517,1.2518,1.25175,1.00E-04,01/12/2016,00:14:06
GBP=,MDM BANK     MOW,1.2517,1.2518,1.25175,1.00E-04,01/12/2016,00:14:11
GBP=,MDM BANK     MOW,1.2517,1.2518,1.25175,1.00E-04,01/12/2016,00:14:18
GBP=,NEDBANK LTD  JHB,1.2517,1.2518,1.25175,1.00E-04,01/12/2016,00:14:19
GBP=,Raiffeisen   MOW,1.2517,1.2518,1.25175,1.00E-04,01/12/2016,00:10:31
GBP=,Raiffeisen   MOW,1.2517,1.2518,1.25175,1.00E-04,01/12/2016,00:13:47
GBP=,Raiffeisen   MOW,1.2517,1.2518,1.25175,1.00E-04,01/12/2016,00:14:07
GBP=,ALFA-BANK    MOW,1.2516,1.2517,1.25165,1.00E-04,01/12/2016,00:11:29
GBP=,ALFA-BANK    MOW,1.2516,1.2517,1.25165,1.00E-04,01/12/2016,00:12:00
GBP=,ALFA-BANK    MOW,1.2516,1.2517,1.25165,1.00E-04,01/12/2016,00:12:14
GBP=,ALFA-BANK    MOW,1.2516,1.2517,1.25165,1.00E-04,01/12/2016,00:12:24
GBP=,ALFA-BANK    MOW,1.2516,1.2517,1.25165,1.00E-04,01/12/2016,00:12:38
GBP=,ASANPACIFIBK MOW,1.2516,1.2517,1.25165,1.00E-04,01/12/2016,00:11:38
GBP=,ASANPACIFIBK MOW,1.2516,1.2517,1.25165,1.00E-04,01/12/2016,00:11:49
GBP=,ASANPACIFIBK MOW,1.2516,1.2517,1.25165,1.00E-04,01/12/2016,00:11:54
GBP=,ASANPACIFIBK MOW,1.2516,1.2517,1.25165,1.00E-04,01/12/2016,00:12:04
GBP=,ASANPACIFIBK MOW,1.2516,1.2517,1.25165,1.00E-04,01/12/2016,00:12:11
GBP=,ASANPACIFIBK MOW,1.2516,1.2517,1.25165,1.00E-04,01/12/2016,00:12:21
GBP=,ASANPACIFIBK MOW,1.2516,1.2517,1.25165,1.00E-04,01/12/2016,00:12:32
GBP=,ASANPACIFIBK MOW,1.2516,1.2517,1.25165,1.00E-04,01/12/2016,00:12:38
GBP=,MDM BANK     MOW,1.2516,1.2517,1.25165,1.00E-04,01/12/2016,00:11:50
GBP=,MDM BANK     MOW,1.2516,1.2517,1.25165,1.00E-04,01/12/2016,00:11:59
GBP=,MDM BANK     MOW,1.2516,1.2517,1.25165,1.00E-04,01/12/2016,00:12:04
GBP=,MDM BANK     MOW,1.2516,1.2517,1.25165,1.00E-04,01/12/2016,00:12:16
GBP=,MDM BANK     MOW,1.2516,1.2517,1.25165,1.00E-04,01/12/2016,00:12:22
GBP=,MDM BANK     MOW,1.2516,1.2517,1.25165,1.00E-04,01/12/2016,00:12:32
GBP=,MDM BANK     MOW,1.2516,1.2517,1.25165,1.00E-04,01/12/2016,00:12:38
GBP=,NEDBANK LTD  JHB,1.2516,1.2517,1.25165,1.00E-04,01/12/2016,00:10:42
GBP=,NEDBANK LTD  JHB,1.2516,1.2517,1.25165,1.00E-04,01/12/2016,00:12:26
GBP=,Raiffeisen   MOW,1.2516,1.2517,1.25165,1.00E-04,01/12/2016,00:11:28
GBP=,Raiffeisen   MOW,1.2516,1.2517,1.25165,1.00E-04,01/12/2016,00:11:38
GBP=,Raiffeisen   MOW,1.2516,1.2517,1.25165,1.00E-04,01/12/2016,00:11:48
GBP=,Raiffeisen   MOW,1.2516,1.2517,1.25165,1.00E-04,01/12/2016,00:11:58
GBP=,Raiffeisen   MOW,1.2516,1.2517,1.25165,1.00E-04,01/12/2016,00:12:24
GBP=,ZUERCHER KB  ZUR,1.2516,1.2517,1.25165,1.00E-04,01/12/2016,00:10:41
GBP=,ALFA-BANK    MOW,1.2515,1.2516,1.25155,1.00E-04,01/12/2016,00:11:19
GBP=,ASANPACIFIBK MOW,1.2515,1.2516,1.25155,1.00E-04,01/12/2016,00:10:43
GBP=,ASANPACIFIBK MOW,1.2515,1.2516,1.25155,1.00E-04,01/12/2016,00:10:48
GBP=,ASANPACIFIBK MOW,1.2515,1.2516,1.25155,1.00E-04,01/12/2016,00:11:21
GBP=,ASANPACIFIBK MOW,1.2515,1.2516,1.25155,1.00E-04,01/12/2016,00:11:33
GBP=,ASANPACIFIBK MOW,1.2515,1.2516,1.25155,1.00E-04,01/12/2016,00:11:44
GBP=,MDM BANK     MOW,1.2515,1.2516,1.25155,1.00E-04,01/12/2016,00:10:44
GBP=,MDM BANK     MOW,1.2515,1.2516,1.25155,1.00E-04,01/12/2016,00:10:53
GBP=,MDM BANK     MOW,1.2515,1.2516,1.25155,1.00E-04,01/12/2016,00:11:18
GBP=,MDM BANK     MOW,1.2515,1.2516,1.25155,1.00E-04,01/12/2016,00:11:28
GBP=,Raiffeisen   MOW,1.2515,1.2516,1.25155,1.00E-04,01/12/2016,00:10:43
GBP=,Raiffeisen   MOW,1.2515,1.2516,1.25155,1.00E-04,01/12/2016,00:10:53
GBP=,Raiffeisen   MOW,1.2515,1.2516,1.25155,1.00E-04,01/12/2016,00:11:18
GBP=,ALFA-BANK    MOW,1.2514,1.2515,1.25145,1.00E-04,01/12/2016,00:10:57
GBP=,ASANPACIFIBK MOW,1.2514,1.2515,1.25145,1.00E-04,01/12/2016,00:10:58
GBP=,ASANPACIFIBK MOW,1.2514,1.2515,1.25145,1.00E-04,01/12/2016,00:11:04
GBP=,ASANPACIFIBK MOW,1.2514,1.2515,1.25145,1.00E-04,01/12/2016,00:11:14
GBP=,MDM BANK     MOW,1.2514,1.2515,1.25145,1.00E-04,01/12/2016,00:10:58
GBP=,MDM BANK     MOW,1.2514,1.2515,1.25145,1.00E-04,01/12/2016,00:11:13
GBP=,NEDBANK LTD  JHB,1.2514,1.2515,1.25145,1.00E-04,01/12/2016,00:10:59
GBP=,NEDBANK LTD  JHB,1.2514,1.2515,1.25145,1.00E-04,01/12/2016,00:11:06
GBP=,Raiffeisen   MOW,1.2514,1.2515,1.25145,1.00E-04,01/12/2016,00:11:05
GBP=,MDM BANK     MOW,1.2513,1.2514,1.25135,1.00E-04,01/12/2016,00:11:07
